preprocessedSmiles,Molecule ChEMBL ID,activity_classification
Brc1ccc2c(c1)CCC2=Cc1c[nH]cn1,CHEMBL174579,active
CCC1CC2C(CCC3(C)C(O)CCC23)C2(C)CCCC=C12,CHEMBL306022,active
COc1ccc2nc3cc(Cl)ccc3c(Nc3cccnc3)c2c1,CHEMBL495567,active
O=[N+]([O-])c1ccc(C(c2cc3ccc(O)cc3o2)n2cncn2)cc1,CHEMBL202231,active
COc1ccc2cc(C(O)(c3ccc(Cl)cc3)c3cccnc3)oc2c1,CHEMBL202612,active
COc1ccc(C(c2cc3c(cc2O)OCO3)n2ccnc2)cc1,CHEMBL522733,active
CC12CCC3C(CC=C4C=CCCC43C)C1CCC2=O,CHEMBL71152,active
COc1cccc(-c2csc(-c3ncccn3)n2)c1,CHEMBL4228753,active
CC12CCC3C(CC(O)C4=CCCCC43C)C1CCC2=O,CHEMBL1629806,active
C=CCC1=C2CC(=O)C=CC2(C)C2CCC3(C)C(=O)CCC3C2C1,CHEMBL4575994,active
O=c1cc(Cn2ccnc2)c2ccc(Oc3ccccc3)cc2o1,CHEMBL437731,active
O=c1cc(Cn2ccnc2)c2ccc(OCc3cccc(OC(F)(F)F)c3)cc2o1,CHEMBL1688894,active
O=c1cc(Cn2ccnc2)c2ccc(OCc3cc(F)cc(F)c3)cc2o1,CHEMBL1688900,active
COc1cccc(Oc2ccc3c(Cn4ccnc4)cc(=O)oc3c2)c1,CHEMBL1688904,active
COc1c(OC)c(OC)c2c(c(C)cc(=O)n2C)c1OC,CHEMBL455593,active
COc1cc(OC)c2c(c(C)cc(=O)n2C)c1OC,CHEMBL449065,active
COc1ccc2c(c1)CCC1C(c3ccncc3)C21,CHEMBL67842,active
O=c1cc(OCCn2ccnc2)c2ccccc2o1,CHEMBL225178,active
CCn1ccc2cccc(C(c3ccc(Cl)cc3)n3ccnc3)c21,CHEMBL289945,active
COc1c(C)c(OC)c2c(c1C=O)OC(c1ccccc1)CC2O,CHEMBL3134110,active
O=C1CCc2cc(C(C3CC3)n3ccnc3)cc3c2N1CC3,CHEMBL2163639,active
O=C1CCc2cc(-c3cccnc3)cc(-c3ccsc3)c2N1,CHEMBL2165325,active
CN1C(=O)CCc2cc(-c3cccnc3)c(OC3CCCC3)cc21,CHEMBL2165319,active
N#Cc1ccc(N(Cc2cc(Cl)c(O)c(Cl)c2)n2cnnc2)cc1,CHEMBL226843,active
COc1cc(CN(c2ccc(C#N)cc2)n2cnnc2)ccc1O,CHEMBL226791,active
N#Cc1ccc(Cn2cncn2)cc1-c1cccc(Cl)c1,CHEMBL589974,active
O=c1cc(Cn2ccnc2)c2ccc(OCc3ccc(F)cc3)cc2o1,CHEMBL1688896,active
O=c1cc(Cn2ccnc2)c2ccc(OCc3ccc(OC(F)(F)F)cc3)cc2o1,CHEMBL1688899,active
O=C(c1ccccc1)c1ccccc1Cn1ccnc1,CHEMBL244795,active
O=C(c1ccc(-c2ccccc2)cc1)c1cc([N+](=O)[O-])ccc1Cn1ccnc1,CHEMBL243756,active
O=c1c(C(c2ccc([N+](=O)[O-])cc2)n2ccnc2)coc2ccccc12,CHEMBL224665,active
O=C(c1ccc(-c2ccccc2)cc1)c1ccccc1Cn1ccnc1,CHEMBL243960,active
COc1cc(CN(c2ccc(C#N)cc2)n2cnnc2)ccc1OS(N)(=O)=O,CHEMBL226736,active
COc1ccc2c(C(c3ccccc3)n3ccnc3)cc(=O)oc2c1,CHEMBL1688914,active
CC12C=CC(=O)C=C1C(CO)=CC1C2CCC2(C)C(=O)CCC12,CHEMBL3407539,active
CC12CCC3C(CC=C4C(SCF)C(=O)CCC43C)C1CCC2=O,CHEMBL3752892,active
O=C(c1ccccc1)c1cccc(Cn2ccnc2)c1,CHEMBL397728,active
CCCC1=C2CC(=O)CCC2(C)C2CCC3(C)C(=O)CCC3C2C1,CHEMBL25695,active
COc1ccc2c(c1)C(=O)C(=Cc1c[nH]cn1)CC2,CHEMBL3219600,active
N#Cc1ccc(N(Cc2ccc(O)c(F)c2)n2cnnc2)cc1,CHEMBL226738,active
CC12CCC3C(CCC4C5CC5CCC43C)C1CCC2=O,CHEMBL3798461,active
COc1cccc(C2=CC(=O)c3ccc4c(c3=N2)=CC=N4)c1,CHEMBL2442766,active
CCn1ccc2cccc(C(c3ccc(F)cc3)n3ccnc3)c21,CHEMBL416616,active
CN(c1ccc([N+](=O)[O-])cc1OCc1ccc(Br)cc1)S(C)(=O)=O,CHEMBL220793,active
CS(=O)(=O)Nc1ccc([N+](=O)[O-])cc1OCc1ccc(F)cc1,CHEMBL373427,active
N#Cc1cc(Cn2cncn2)cc(-c2ccccc2)c1,CHEMBL599455,active
CC12CCC3C(CC=C4C(c5ccc(OS(N)(=O)=O)cc5)C(=O)CCC43C)C1CCC2=O,CHEMBL3754538,active
COc1ccc(-c2cc3c(=O)cc(O)oc3cc2SCc2ccncc2)cc1,CHEMBL496375,active
COc1ccc2c(Cn3ccnc3)cc(=O)oc2c1,CHEMBL225472,active
CSCCC12CCC(=O)C=C1CCC1C2=CCC2(C)C(=O)CCC12,CHEMBL349704,active
CC12CCC3C(Cc4c5c(nn4Cc4ccc([N+](=O)[O-])cc4)C(=O)CCC53C)C1CCC2=O,CHEMBL129883,active
N#Cc1ccc(Cn2ccnc2)c2oc3ccccc3c(=O)c12,CHEMBL421149,active
CN(c1ccc([N+](=O)[O-])cc1OCc1ccc([N+](=O)[O-])cc1)S(C)(=O)=O,CHEMBL376303,active
CN(c1ccc(NC(=O)c2ccc(-c3ccccc3)cc2)cc1OCc1ccccc1)S(C)(=O)=O,CHEMBL271794,active
CN(c1ccc([N+](=O)[O-])cc1OCCc1ccccc1)S(C)(=O)=O,CHEMBL436515,active
N#Cc1ccc(S(=O)(=O)NCc2ccc(CNS(=O)(=O)c3ccc(C#N)cc3)cc2)cc1,CHEMBL4527809,active
Oc1ccccc1-c1csc(-c2ncccn2)n1,CHEMBL4227385,active
N#Cc1ccc(S(=O)(=O)N2CCCC(Cn3ccnc3)C2)cc1,CHEMBL3806046,active
Nc1ccc(C23CC(C2)C(=O)N(C2CCCCC2)C3=O)cc1,CHEMBL27467,active
COc1ccc(-c2[nH]c3cc(F)ccc3c2Cn2ccnc2)cc1,CHEMBL4163704,active
O=c1cc(Cn2ccnc2)c2ccc(OCc3ccccc3)cc2o1,CHEMBL225499,active
O=c1cc(Cn2ccnc2)c2ccc(Oc3cc(F)cc(F)c3)cc2o1,CHEMBL1688910,active
C=CCC1CC2=CCCCC2(C)C2CCC3(C)C(=O)CCC3C12,CHEMBL3818338,active
O=c1cc(C(c2ccccc2)n2ccnc2)c2ccc(Oc3ccccc3)cc2o1,CHEMBL1688915,active
Fc1ccc(-c2[nH]c3cc4c(cc3c2Cn2ccnc2)OCO4)cc1,CHEMBL4161789,active
Clc1ccc(-c2[nH]c3cc(Cl)ccc3c2Cn2ccnc2)cc1,CHEMBL4164126,active
CSCSCCC12CCC(=O)C=C1CCC1C2=CCC2(C)C(=O)CCC12,CHEMBL353571,active
N#Cc1ccc(N(Cc2ccc(O)c(C#N)c2)n2cnnc2)cc1,CHEMBL226841,active
N#Cc1ccc(C(c2ccc(OS(N)(=O)=O)c(Cl)c2)n2cncn2)cc1,CHEMBL479551,active
O=c1c2ccccc2oc2c(Br)ccc(Cn3ccnc3)c12,CHEMBL78322,active
CC(=C(c1ccc(N)cc1)c1ccc(N)cc1)c1ccc(N)cc1,CHEMBL3916057,active
O=Cc1c(Cn2ccnc2)c2cc([N+](=O)[O-])ccc2n1Cc1ccccc1,CHEMBL496777,active
CCC1=C2CC(=O)C=CC2(C)C2CCC3(C)C(=O)CCC3C2C1,CHEMBL8498,active
O=c1cc(Cn2ccnc2)c2ccc(OCc3cccc(F)c3)cc2o1,CHEMBL1688891,active
CC12CCC3C(Cc4nn(Cc5ccc([N+](=O)[O-])cc5)c5c4C3(C)CCC5=O)C1CCC2=O,CHEMBL336383,active
O=c1cc(Cn2ccnc2)c2ccc(OCc3cccc(C(F)(F)F)c3)cc2o1,CHEMBL1688892,active
O=c1c2ccccc2oc2c(Cn3ccnc3)cc([N+](=O)[O-])cc12,CHEMBL1083663,active
O=c1c2ccccc2oc2cccc(Cn3ccnc3)c12,CHEMBL1083652,active
CCCCCCCN1C(=O)C2CC(c3ccc(N)cc3)(C2)C1=O,CHEMBL28173,active
Cc1cccc(COc2ccc3c(Cn4ccnc4)cc(=O)oc3c2)c1,CHEMBL1688893,active
N#Cc1ccc(N(Cc2ccc(OS(N)(=O)=O)cc2)n2cnnc2)cc1-c1ccccc1,CHEMBL1672976,active
C=C1CC2C(CCC3(C)C(=O)CCC23)C2(C)C=CC(=O)C=C12,CHEMBL1200374,active
N#Cc1ccc(N(Cc2ccc(O)c(Br)c2)n2cnnc2)cc1,CHEMBL388506,active
O=c1cc(Cn2ccnc2)c2ccc(Oc3cccc(F)c3)cc2o1,CHEMBL1688902,active
O=c1cc(Cn2ccnc2)c2ccc(Nc3ccccc3)cc2o1,CHEMBL1688912,active
O=c1cc(C(c2ccccc2)n2ccnc2)c2ccc(Oc3ccc(F)c(F)c3)cc2o1,CHEMBL1688916,active
CCn1ccc2c3c(Cn4ccnc4)cc(-c4ccccc4)nc3ccc21,CHEMBL2442760,active
CCn1ccc2c3nc(-c4ccccc4)cc(Cn4ccnc4)c3ccc21,CHEMBL2442758,active
N#Cc1ccc(N(Cc2ccc(O)c(Cl)c2)n2cnnc2)cc1,CHEMBL226789,active
CC12CCC(=O)c3n[nH]c(c31)CC1C2CCC2(C)C(O)CCC12,CHEMBL3751984,active
COc1ccc2c(=O)c(Cn3ccnc3)c(-c3ccccc3)oc2c1,CHEMBL158635,active
CC12CCC3C(CC=C4CCCCC43C)C1CCC2=O,CHEMBL2311169,active
N#Cc1ccc(N(Cc2ccc(Br)cc2)n2cnnc2)cc1,CHEMBL108425,active
COc1ccc(S(=O)(=O)Nc2cccc(NS(=O)(=O)c3ccc(OC)cc3)c2)cc1,CHEMBL4543747,active
N#Cc1ccc(N(Cc2ccc3c(Cl)c(OS(N)(=O)=O)ccc3c2)n2cnnc2)cc1,CHEMBL3622063,active
CS(=O)(=O)Nc1ccc([N+](=O)[O-])cc1OC1CCCC1,CHEMBL437497,active
Cc1ccc(C)c(COc2cc([N+](=O)[O-])ccc2NS(C)(=O)=O)c1,CHEMBL220886,active
CS(=O)(=O)Nc1ccc([N+](=O)[O-])cc1OCc1ccc(Cl)cc1,CHEMBL220774,active
CCN1CCc2cccc(C(c3ccc(F)cc3)n3ccnc3)c21,CHEMBL39403,active
CC(=O)OC1CC2C3CCC(=O)C3(C)CCC2C2(C)CCCC=C12,CHEMBL304770,active
CC12CCC3C(C(Sc4ccccc4)C=C4CC(=O)CCC43C)C1CCC2=O,CHEMBL3245349,active
CC1(C)C2CCC1(C)C(OC(=O)Cc1ccncc1)C2,CHEMBL102536,active
CCC(CC)Oc1cc([N+](=O)[O-])ccc1N(C)S(C)(=O)=O,CHEMBL202030,active
O=C1C(=Cc2ccncc2)C(c2ccc(Cl)cc2)Cn2cccc21,CHEMBL9165,active
N#Cc1ccc(C(F)(c2ccc(C#N)cc2)n2cncn2)cc1,CHEMBL225550,active
Cc1oc2c(C#N)ccc(Cn3ccnc3)c2c1C,CHEMBL224391,active
COc1cc(-c2nc(-c3cccnc3)cs2)ccn1,CHEMBL1957217,active
COc1ccc(-c2c(SCc3ccncc3)oc3cc(OCc4ccccc4)ccc3c2=O)cc1,CHEMBL186079,active
Nc1ccc(C23CC2C(=O)N(CC2CCCCC2)C3=O)cc1,CHEMBL281947,active
O=C1CCc2cc(-c3cccnc3)cc(-c3ccccc3)c2N1,CHEMBL2165323,active
CC12CCC3C(CCC4=CCCCC43C)C1CCC2=O,CHEMBL1629804,active
CC(C)(O)C1Cc2c(ccc3c2OC(c2ccc(O)cc2O)CC3=O)O1,CHEMBL457678,active
CN(C)S(=O)(=O)Oc1ccc(-c2cc(Cn3cncn3)ccc2C#N)cc1,CHEMBL596779,active
N#Cc1ccc(Cn2cncn2)c(-c2ccc(OS(N)(=O)=O)c(Cl)c2)c1,CHEMBL598212,active
C=CCC1C=C2CC(=O)C=CC2(C)C2CCC3(C)C(=O)CCC3C12,CHEMBL3623223,active
N#Cc1cc(Cn2cncn2)ccc1-c1ccc(OS(N)(=O)=O)cc1,CHEMBL609618,active
O=c1c2ccccc2oc2c([N+](=O)[O-])ccc(Cn3ccnc3)c12,CHEMBL307160,active
CC(C)Oc1ccc(COc2ccc3c(Cn4ccnc4)cc(=O)oc3c2)cc1,CHEMBL3359955,active
COc1ccc(S(=O)(=O)N2CCCC(Cn3ccnc3)C2)cc1Br,CHEMBL3805814,active
N#Cc1ccc(Cn2cncn2)cc1-c1ccc(Cl)c(O)c1,CHEMBL599864,active
N#Cc1ccc(C(c2ccc(OS(N)(=O)=O)cc2)n2cncn2)cc1,CHEMBL479366,active
NS(=O)(=O)Oc1cccc(C(c2cccc(OS(N)(=O)=O)c2)n2cncn2)c1,CHEMBL479737,active
CS(=O)(=O)Nc1ccc([N+](=O)[O-])cc1OCCc1ccccc1,CHEMBL374651,active
CS(=O)(=O)Nc1ccc([N+](=O)[O-])cc1OCc1ccc(-c2ccccc2)cc1,CHEMBL426541,active
CCCOc1cc([N+](=O)[O-])ccc1N(C)S(C)(=O)=O,CHEMBL382482,active
CCC(CC)Oc1cc([N+](=O)[O-])ccc1NS(C)(=O)=O,CHEMBL202474,active
CN(c1ccc([N+](=O)[O-])cc1OC1CCCCC1)S(C)(=O)=O,CHEMBL204183,active
CN(c1ccc(NC(=O)c2ccc(Cl)c([N+](=O)[O-])c2)cc1OCc1ccccc1)S(C)(=O)=O,CHEMBL270915,active
CCCCCN1C(=O)C2CC(c3ccc(N)cc3)(C2)C1=O,CHEMBL27591,active
O=C1CC(c2cccc(O)c2)Oc2c1ccc1ccccc21,CHEMBL439241,active
C#CCC12CCC(=O)C=C1CCC1C3CCC(=O)C3(C)CCC12,CHEMBL2105261,active
COc1ccc2c(c1)CCCC2=Cc1ccncc1,CHEMBL175979,active
CCCCCCCCCOc1cc([N+](=O)[O-])ccc1NS(C)(=O)=O,CHEMBL202469,active
CN(c1ccc(NC(=O)c2ccc(Cl)c(Cl)c2)cc1OCc1ccccc1)S(C)(=O)=O,CHEMBL271129,active
Oc1ccc(C(c2ccc(O)c(Br)c2)n2cncn2)cc1Br,CHEMBL480451,active
N#Cc1ccc(N(Cc2ccc(O)c(C(F)(F)F)c2)n2cnnc2)cc1,CHEMBL226842,active
N#Cc1ccc(N(Cc2ccc(OS(N)(=O)=O)c(I)c2)n2cnnc2)cc1,CHEMBL390496,active
CC12CCC3C(Cc4nn(Cc5ccccc5)c5c4C3(C)CCC5=O)C1CCC2=O,CHEMBL133240,active
O=c1c(-c2ccccc2)c(-n2ccnc2)oc2cc(OCc3ccccc3)ccc12,CHEMBL363493,active
Cc1cccc(C(c2ccncc2)c2cc3c4c(c2)CCN4C(=O)CC3)c1,CHEMBL2312962,active
O=C1CCc2cc(C(c3ccncc3)c3cccc(F)c3)cc3c2N1CC3,CHEMBL2312958,active
CC(C)C=CCc1c(O)cc(O)c2c1OC(c1ccc(O)cc1)CC2=O,CHEMBL1098426,active
CC1=CCC2C1C1OC(=O)C(C)C1CCC2(C)O,CHEMBL1097371,active
c1ccc(C2(n3ccnc3)c3ccccc3-c3ccccc32)cc1,CHEMBL223874,active
O=C1c2cccc(O)c2CCC1Cc1ccncc1,CHEMBL93828,active
Clc1ccc(C(c2cc3ccccc3o2)n2ccnc2)cc1,CHEMBL1097980,active
N#Cc1ccc(C(c2ccc3cc[nH]c3c2)n2ccnc2)cc1,CHEMBL469260,active
CC(C)CCC1(c2ccc(N)cc2)CCC(=O)NC1=O,CHEMBL29230,active
N#Cc1ccc(C(c2ccc3[nH]ccc3c2)n2ccnc2)cc1,CHEMBL205177,active
Cc1cccc(O)c1C(=O)c1c(O)cc(C(=O)O)cc1C=O,CHEMBL1097763,active
O=c1c(Cn2ccnc2)c(-c2ccc([N+](=O)[O-])cc2)oc2ccccc12,CHEMBL213588,active
COc1ccc2c(=O)c(Cn3ccnc3)c(-c3ccc([N+](=O)[O-])cc3)oc2c1,CHEMBL212168,active
COc1ccc(S(=O)(=O)NCCc2c(C(c3ccc(O)cc3)c3[nH]c4ccccc4c3CCNS(=O)(=O)c3ccc(OC)cc3)[nH]c3ccccc23)cc1,CHEMBL4173941,active
CCCCCC1CC2C3CCC(=O)C3(C)CCC2C2(C)CCCC=C12,CHEMBL305630,active
CS(=O)(=O)Nc1ccc([N+](=O)[O-])cc1OCc1ccccc1-c1ccccc1,CHEMBL223162,active
CC12CCC3C(CCC4C5OC5CCC34C)C1CCC2=O,CHEMBL1629802,active
COc1ccc(Cc2cc3cc(OC)ccc3cc2-c2cccnc2)cc1,CHEMBL494713,active
COc1ccc(COc2cc([N+](=O)[O-])ccc2N(C)S(C)(=O)=O)cc1,CHEMBL224037,active
COc1cc(C(c2ccc(O)c(OC)c2)n2cncn2)ccc1O,CHEMBL480516,active
O=c1c(Cn2ccnc2)c(-c2ccccc2)oc2ccccc12,CHEMBL213587,active
O=c1c2ccccc2oc2c(Cn3ccnc3)ccc(Br)c12,CHEMBL421829,active
Cc1nc2ccc(Cl)c(-n3ccnc3)c2cc1CCn1ccnc1,CHEMBL495565,active
Oc1ccc(C(c2ccc(O)cc2)n2cncn2)cc1,CHEMBL480514,active
COc1ccc2cc(C(c3ccc(C(F)(F)F)cc3)n3cncn3)oc2c1,CHEMBL202065,active
CC1CC2C3CCC(=O)C3(C)CCC2C2(C)CCCC=C12,CHEMBL310735,active
O=S(=O)(N1CCN(c2ccc(OCC3COC(Cn4ccnc4)(c4ccc(Cl)cc4Cl)O3)cc2)CC1)C(F)(F)F,CHEMBL3938615,active
Fc1ccc(CN(Cc2ccc(-c3ccccc3)cc2)n2ccnc2)cc1,CHEMBL491213,active
CN(c1ccc(NC(=O)c2ccc(C#N)cc2)cc1OCc1ccccc1)S(C)(=O)=O,CHEMBL409271,active
CS(=O)(=O)Nc1ccc([N+](=O)[O-])cc1OC1CCCCC1,CHEMBL7162,active
CN(c1ccc([N+](=O)[O-])cc1OCC1CCCCC1)S(C)(=O)=O,CHEMBL204502,active
CCn1ccc2cc(C(c3ccc(F)cc3)n3ccnc3)ccc21,CHEMBL41761,active
C=CCC1C=C2CC(=O)CCC2(C)C2CCC3(C)C(=O)CCC3C12,CHEMBL3818728,active
N#Cc1ccc(Oc2cccnc2)cc1Oc1cccnc1,CHEMBL1956179,active
CCCCC1=C2CC(=O)C=CC2(C)C2CCC3(C)C(=O)CCC3C2C1,CHEMBL8646,active
O=S(=O)(N1CCN(c2ccc(C=Cc3cc(F)cc(-c4ccncc4)c3)cc2)CC1)C(F)(F)F,CHEMBL4128368,active
COc1ccc(-c2cc(Cn3ccnc3)c3ccc4[nH]ccc4c3n2)cc1,CHEMBL2442757,active
COc1ccc(-c2cc(CO)c3ccc4[nH]ccc4c3n2)cc1,CHEMBL2440145,active
COc1ccc2cc(C(c3ccc([N+](=O)[O-])cc3)n3cncn3)oc2c1,CHEMBL199334,active
c1ccc(CC(Cc2ccc(-c3ccccc3)cc2)n2ccnc2)cc1,CHEMBL491222,active
Clc1ccc(CN(Cc2ccc(Cl)s2)n2ccnc2)c(Cl)c1,CHEMBL517347,active
N#Cc1cc(Cn2cncn2)cc(-c2ccc(F)cc2)c1,CHEMBL599456,active
O=c1c2cccnc2oc2c(Cn3ccnc3)ccc([N+](=O)[O-])c12,CHEMBL1083970,active
CN(C)S(=O)(=O)Oc1ccc(-c2cc(Cn3cncn3)ccc2C#N)cc1Cl,CHEMBL599238,active
N#Cc1ccc(N(Cc2ccc3c(Br)c(OS(N)(=O)=O)ccc3c2)n2cnnc2)cc1,CHEMBL3622064,active
NS(=O)(=O)Oc1ccc(-c2cccc(Cn3cncn3)c2)cc1Cl,CHEMBL598009,active
CCCC(C)C1(c2ccc(N)cc2)CCC(=O)NC1=O,CHEMBL29521,active
CC(C)(C#N)c1cc(Cn2cncn2)cc(-c2ccc(OS(N)(=O)=O)c(Cl)c2)c1,CHEMBL604716,active
Clc1ccccc1C(c1ccccc1)(c1ccccc1)n1ccnc1,CHEMBL104,active
COc1ccc2c(c1)OC(c1ccccc1)CC2n1ccnc1,CHEMBL4583456,active
N#Cc1ccc(N(Cc2ccc(OS(N)(=O)=O)cc2F)n2cnnc2)cc1,CHEMBL4465348,active
CSC(=O)CC12CCC(=O)C=C1CCC1C3CCC(=O)C3(C)CCC12,CHEMBL164993,active
N#Cc1ccc(C(c2ccc(C#N)cc2)n2ccnn2)cc1,CHEMBL224789,active
N#Cc1ccc(C2CC(n3ccnc3)c3ccc4ccccc4c3O2)cc1,CHEMBL1783178,active
CC12CCC3C(CCC4C(=O)C(O)CCC43C)C1CCC2=O,CHEMBL1630280,active
CC1=C2CC(=O)C=CC2(C)C2CCC3(C)C(=O)CCC3C2C1,CHEMBL8315,active
COc1cc(C=Cc2ccc(N)cc2)cc(OC)c1OC,CHEMBL87477,active
COc1ccc(C(O)(c2cccnc2)c2cc3ccc(OC)cc3o2)cc1,CHEMBL3084324,active
COc1ccc(-c2c(SCc3ccncc3)oc3cc(O)ccc3c2=O)cc1,CHEMBL187068,active
COc1ccc(-c2oc3ccccc3c(=O)c2Cn2ccnc2)cc1,CHEMBL212473,active
O=c1c2ccccc2oc2c(Cn3ccnc3)ccc([N+](=O)[O-])c12,CHEMBL159073,active
CC12CCC3C(CCC4C=CCCC43C)C1CCC2=O,CHEMBL194641,active
N#Cc1ccc(-c2oc3ccccc3c(=O)c2Cn2ccnc2)cc1,CHEMBL209731,active
CC(C)(C#N)c1cc(Cn2cncn2)cc(-c2ccc(O)cc2)c1,CHEMBL605418,active
CCn1ccc2cccc(C(c3cccc(Cl)c3)n3ccnc3)c21,CHEMBL287967,active
CS(=O)(=O)Nc1ccc([N+](=O)[O-])cc1OCc1ccc([N+](=O)[O-])cc1,CHEMBL223109,active
N#Cc1ccc(N(Cc2ccc(Br)c(O)c2)n2cnnc2)cc1,CHEMBL226947,active
N#Cc1ccc(N(Cc2ccc(Cl)c(OS(N)(=O)=O)c2)n2cnnc2)cc1,CHEMBL390077,active
COc1ccc(-n2c(Cn3ccnc3)cc3ccc(Cl)cc32)cc1,CHEMBL2336853,active
CCCCCCC1=C2CC(=O)C=CC2(C)C2CCC3(C)C(=O)CCC3C2C1,CHEMBL266350,active
O=c1c(-c2ccccc2)c(SCc2ccncc2)oc2cc(O)ccc12,CHEMBL184749,active
Clc1ccc(C(c2ccc3[nH]ccc3c2)n2ccnc2)cc1,CHEMBL204039,active
Cc1ccc2cc(Cn3ccnc3)n(-c3ccc(C#N)cc3)c2c1,CHEMBL2336865,active
N#Cc1ccc(N(Cc2ccc(F)c(O)c2)n2cnnc2)cc1,CHEMBL390079,active
N#Cc1ccc(N(Cc2ccc(O)cc2)n2cnnc2)cc1,CHEMBL388291,active
O=C1CC(c2ccccc2)Oc2cc(O)cc(O)c21,CHEMBL399910,active
Fc1ccc(CC(Cc2ccc(-c3ccccc3)cc2)n2ccnc2)c(F)c1,CHEMBL489360,active
N#Cc1ccc(N(Cc2ccc(OS(N)(=O)=O)cc2)n2cnnc2)cc1,CHEMBL430879,active
CCSCCC12CCC(=O)C=C1CCC1C2=CCC2(C)C(=O)CCC12,CHEMBL165218,active
CC1CC2C(CCC3(C)C(O)CCC23)C2(C)CCCC=C12,CHEMBL73367,active
N#Cc1ccc(-c2cc(C#N)cc(Cn3cncn3)c2)cc1,CHEMBL609333,active
N#Cc1cc(Cn2cncn2)ccc1-c1ccc(O)cc1,CHEMBL607855,active
N#Cc1ccc(Cn2cncn2)c(-c2ccccc2)c1,CHEMBL589738,active
N#Cc1ccc(Cn2cncn2)c(-c2ccc(O)c(Cl)c2)c1,CHEMBL598223,active
N#Cc1ccc(N(Cc2ccc(Cl)c(O)c2)n2cnnc2)cc1,CHEMBL226946,active
Fc1ccccc1CN(Cc1ccc(-c2ccccc2)cc1)n1ccnc1,CHEMBL489986,active
Clc1ccccc1CN(Cc1ccc(-c2ccccc2)cc1)n1ccnc1,CHEMBL521591,active
CC12CCC3C(CCC4=C(OC(=O)c5ccccc5)CCCC43C)C1CCC2=O,CHEMBL1630263,active
COc1ccc2cc(C(c3ccc(C)cc3)n3cncn3)oc2c1,CHEMBL201831,active
Clc1ccc(COC(Cn2cccc2)c2ccc(Cl)cc2Cl)cc1,CHEMBL317581,active
Cc1cc(Cn2ccnc2)c2ccc3[nH]ccc3c2n1,CHEMBL2442759,active
C(=C(c1ccccc1)c1ccccc1)c1ccncc1,CHEMBL381194,active
N#Cc1ccc(N(Cc2ccc(OS(N)(=O)=O)c(C#N)c2)n2cnnc2)cc1,CHEMBL226737,active
COc1ccc2c(Cn3cncn3)c(-c3ccc(F)cc3)[nH]c2c1,CHEMBL4173231,active
CCCCCCCC1=C2CC(=O)C=CC2(C)C2CCC3(C)C(=O)CCC3C2C1,CHEMBL268918,active
COc1ccccc1CC(Cc1ccc(-c2ccccc2)cc1)n1ccnc1,CHEMBL521600,active
Oc1cc2c(cc1C(c1ccc(F)cc1)n1ccnc1)OCO2,CHEMBL513615,active
CCCC1=C2CC(=O)C=CC2(C)C2CCC3(C)C(=O)CCC3C2C1,CHEMBL8254,active
CC(=C(c1ccc(N)cc1)c1ccc(NCC(N)=O)cc1)c1ccc([N+](=O)[O-])cc1,CHEMBL3961033,active
COc1cc(Cn2ccnc2)c2ccc(=O)oc2c1,CHEMBL375046,active
Fc1ccc(-n2c(Cn3ccnc3)cc3ccccc32)cc1,CHEMBL2336856,active
CC=C(c1ccc(N)cc1)C(c1ccc(O)cc1)c1ccc(O)cc1,CHEMBL3948254,active
COc1ccc(S(=O)(=O)N2CCCC(Cn3ccnc3)C2)cc1F,CHEMBL3805173,active
CC(=O)OC1CCCC2(C)C1=CCC1C3CCC(=O)C3(C)CCC12,CHEMBL1630269,active
N#Cc1ccc(N(Cc2ccc(OS(N)(=O)=O)c(F)c2)n2cnnc2)cc1-c1ccccc1,CHEMBL1672977,active
N#Cc1ccc(-c2cc(N(Cc3ccc(OS(N)(=O)=O)cc3)n3cnnc3)ccc2C#N)cc1,CHEMBL1672982,active
O=c1c(Cn2ccnc2)c(-c2ccc(Br)cc2)oc2ccccc12,CHEMBL377766,active
CC1CC2(C)C(=CC1=O)CCC1C3CCC(=O)C3(C)CCC12,CHEMBL3752414,active
N#Cc1ccc(N(CCSc2ccc(OS(N)(=O)=O)cc2)n2cnnc2)cc1,CHEMBL3622056,active
CC(C)CN1C(=O)C2CC(c3ccc(N)cc3)(C2)C1=O,CHEMBL286506,active
CCn1cc(C(c2ccc(F)cc2)n2ccnc2)c2cc(Br)ccc21,CHEMBL111888,active
COc1c(C)cc(S(=O)(=O)N2CCCC(Cn3ccnc3)C2)cc1C,CHEMBL3806075,active
O=S(=O)(c1ccc2c(c1)OCCO2)N1CCCC(Cn2ccnc2)C1,CHEMBL3805211,active
COc1ccc(S(=O)(=O)N2CCCC(Cn3ccnc3)C2)c(C)c1C,CHEMBL3805820,active
Cn1cc(C(c2ccc(F)cc2)n2ccnc2)c2cc(Br)ccc21,CHEMBL111868,active
O=S(=O)(NCc1cccc(CNS(=O)(=O)c2ccc(C(F)(F)F)cc2)c1)c1ccc(C(F)(F)F)cc1,CHEMBL4556427,active
COc1cc(CN(c2ccc(C#N)cc2)n2cnnc2)cc(Cl)c1O,CHEMBL388507,active
COc1cc(C=C2Cc3ccccc3C2=O)ccc1OCCCn1ccnc1,CHEMBL2235950,active
N#Cc1ccc(Oc2cccnc2)c(Oc2cccc(Cl)c2)c1,CHEMBL1956180,active
O=C(NCc1ccccc1)OC(Cn1ccnc1)c1ccccc1,CHEMBL4858552,active
CC(C)=CCc1cc(-c2oc3cc(O)cc(O)c3c(=O)c2O)ccc1O,CHEMBL457679,active
O=c1c(C(c2ccc(Br)cc2)n2ccnc2)coc2ccccc12,CHEMBL376786,active
O=c1c2ccccc2oc2cc(Cn3ccnc3)ccc12,CHEMBL350922,active
COc1ccc(-c2coc(O)c2-c2ccc(OC)c(OC)c2)cc1,CHEMBL1096439,active
COc1ccc(-c2c(-c3cc(OC)c(OC)c(OC)c3)coc2O)cc1OC,CHEMBL1094331,active
O=C1OCC(Cc2ccccc2)C1Cc1cccc(O)c1,CHEMBL1094154,active
CC(=C(c1ccc(O)cc1)c1ccc(O)cc1)c1ccc(N)cc1,CHEMBL3977491,active
O=[N+]([O-])c1ccc(Cn2ccnc2)c(Sc2ccccc2)c1,CHEMBL1085936,active
CC1=C2CC(=O)CCC2(C)C2CCC3(C)C(=O)CCC3C2C1,CHEMBL25588,active
CC(C)(C#N)c1cc(Cn2cncn2)cc(C(C)(C)C#N)c1,CHEMBL1399,active
Cc1cc(F)ccc1S(=O)(=O)N1CCCC(Cn2ccnc2)C1,CHEMBL3806185,active
CC=C(c1ccc(N)cc1)C(c1ccc(N)cc1)c1ccc(N)cc1,CHEMBL3944017,active
CCC(=C(c1ccc(N)cc1)c1ccc(N)cc1)c1ccc([N+](=O)[O-])cc1,CHEMBL3905734,active
N#Cc1ccc(Cn2cncn2)cc1-c1ccc(OS(N)(=O)=O)c(Cl)c1,CHEMBL592131,active
N#Cc1ccc(N(Cc2ccc(Br)cc2)n2cnnc2)cc1-c1ccc(OS(N)(=O)=O)cc1,CHEMBL1672975,active
N#Cc1ccc(Cn2cncn2)cc1-c1ccc(OS(N)(=O)=O)cc1,CHEMBL598199,active
COc1cc(O)c(C=O)c2c1C(O)CC(c1ccccc1)O2,CHEMBL3134109,active
O=C1CC(c2ccc(O)cc2)Oc2c1ccc1ccccc21,CHEMBL256665,active
COc1c(C)c(O)c(C=O)c2c1C(OC)CC(c1ccccc1)O2,CHEMBL3134114,active
O=c1cc(Cn2ccnc2)c2ccc(OCc3cccc(Cl)c3)cc2o1,CHEMBL1688890,active
CC(=O)OC1=C2CCC3C4CCC(=O)C4(C)CCC3C2(C)CCC1,CHEMBL1630264,active
CCCC#CCOC1=C2CC(=O)C=CC2(C)C2CCC3(C)C(=O)CCC3C2C1,CHEMBL2179111,active
N#Cc1ccc(C(c2ccc(C#N)cc2)c2cncnc2)cc1,CHEMBL223452,active
N#Cc1ccc(Cn2ccnc2)c2occc(=O)c12,CHEMBL161230,active
COc1ccc2c(=O)c(-c3ccccc3)c(-n3ccnc3)oc2c1,CHEMBL192306,active
N#Cc1ccc(N(CCSc2ccc(O)c(Cl)c2)n2cnnc2)cc1,CHEMBL3622055,active
CC(C)(C)C1CCC(OC(=O)Cc2ccncc2)CC1,CHEMBL102884,active
N#Cc1ccc(C(c2ccc(C#N)cc2)n2ccnc2)cc1,CHEMBL29482,active
COc1ccc(-c2csc(-c3cccnc3)n2)cn1,CHEMBL1957223,active
N#Cc1ccc(C(c2ccc(OS(N)(=O)=O)c(Br)c2)n2cncn2)cc1,CHEMBL518761,active
CCC(=C(c1ccc(N)cc1)c1ccc(NCC(N)=O)cc1)c1ccc([N+](=O)[O-])cc1,CHEMBL3961452,active
O=C(O)c1cc(S(=O)(=O)N2CCCC(Cn3ccnc3)C2)ccc1O,CHEMBL3804849,active
NCCOc1ccc(C(=C(Cn2ccnc2)c2ccccc2)c2ccc(O)cc2)cc1,CHEMBL3422041,active
CC1=CC2(C)C(=C(Br)CC3C2CCC2(C)C(=O)CCC32)CC1=O,CHEMBL3753352,active
O=S(=O)(c1ccc2nsnc2c1)N1CCCC(Cn2ccnc2)C1,CHEMBL3805851,active
O=S(=O)(c1ccc(OC2CCCC2)c(F)c1)N1CCCC(Cn2ccnc2)C1,CHEMBL3805539,active
Cc1ccc(S(=O)(=O)Nc2ccc3cc[nH]c3c2)cc1,CHEMBL4516755,active
Cn1nnc2ccc(C(c3ccc(OS(N)(=O)=O)cc3)n3cncn3)cc21,CHEMBL3622363,active
N#Cc1ccc(N(CCn2ccc3cc(OS(N)(=O)=O)ccc32)n2cnnc2)cc1,CHEMBL3622065,active
N#Cc1ccc(C(c2ccc(O)c(Cl)c2)n2cncn2)cc1,CHEMBL479385,active
Cn1nnc2ccc(C(c3ccc(Cl)cc3)n3cncn3)cc21,CHEMBL100749,active
C=C1CC2(C)C(=CC1=O)CCC1C3CCC(=O)C3(C)CCC12,CHEMBL3753307,active
CC12CCC3C(CC=C4C(Oc5ccccc5)C(=O)CCC43C)C1CCC2=O,CHEMBL484584,active
N#Cc1ccc(C2(c3ccc(C#N)cc3)CCCc3cncn32)cc1,CHEMBL285809,active
CC12CCC3C(CC(=O)C4CC(=O)CCC43C)C1CCC2=O,CHEMBL4520027,active
CC1CC2C3CCC(=O)C3(C)CCC2C2(C)CCC=CC12,CHEMBL4564333,active
C=CCC1CC2C3CCC(=O)C3(C)CCC2C2(C)CCCC=C12,CHEMBL4520056,active
N#Cc1cccc(CN(c2ccc([N+](=O)[O-])c(-c3ccccc3)c2)n2cnnc2)c1,CHEMBL4546916,active
N#Cc1ccc(C(c2coc3ccccc3c2=O)n2ccnc2)cc1,CHEMBL225079,active
O=c1c(-c2ccccc2)c(SCc2ccncc2)oc2cc(OCc3ccccc3)ccc12,CHEMBL188664,active
O=c1c(-c2ccc(O)cc2)c(SCc2ccncc2)oc2cc(O)ccc12,CHEMBL185950,active
CC(C)(C#N)c1cc(Cn2cncn2)cc(Sc2ccc(OS(N)(=O)=O)c(Cl)c2)c1,CHEMBL3622071,active
N#Cc1ccc(N(Cc2ccc(OS(N)(=O)=O)cc2F)n2ccnc2)cc1,CHEMBL3623232,active
N#Cc1ccc(N(CCc2coc3ccc(OS(N)(=O)=O)cc23)n2cnnc2)cc1,CHEMBL3622067,active
C#CCC1=C2CC(=O)CCC2(C)C2CCC3(C)C(=O)CCC3C2C1,CHEMBL113121,active
N#Cc1ccc(N(Cc2ccc(OS(N)(=O)=O)c(Br)c2)n2cnnc2)cc1,CHEMBL108483,active
Fc1ccc(-c2cc(-n3cccc3)c3ccccc3n2)cc1,CHEMBL3818279,active
CC12CCC3C(CC=C4CC(=O)CCC43C)C1CC(n1ccnc1)C2=O,CHEMBL3819184,active
O=c1c2ccccc2oc2c(OCC3CC3)ccc(Cn3ccnc3)c12,CHEMBL2333334,active
COc1cc2c(cc1OC)CN(S(=O)(=O)c1cccc(-n3cc(COc4ccc5ccc(=O)oc5c4)nn3)c1)CC2,CHEMBL3589965,active
Cc1ccc(C(C2Cc3ccccc3O2)n2cncn2)cc1,CHEMBL65328,active
CC(c1ccc(C#N)cc1)(c1ccc(C#N)cc1)n1cncn1,CHEMBL388187,active
CCn1cc(C(c2ccc(F)cc2)n2ccnc2)c2ccccc21,CHEMBL113637,active
CC(=O)c1ccc(S(=O)(=O)NCc2cccc(CNS(=O)(=O)c3ccc(C(C)=O)cc3)c2)cc1,CHEMBL4567479,active
CC(C)(C#N)c1cc(Cn2cncn2)cc(Sc2ccccc2)c1,CHEMBL3622069,active
N#CC1(c2cc(Cn3cncn3)cc(Sc3ccc(OS(N)(=O)=O)cc3)c2)CCC1,CHEMBL3622073,active
N#Cc1ccc(N(CCCSc2ccc(OS(N)(=O)=O)cc2)n2cnnc2)cc1,CHEMBL3622058,active
COc1ccc(-n2c(Cn3ccnc3)cc3ccc(OC)cc32)cc1,CHEMBL2336852,active
N#Cc1cccc(CN(c2ccc([N+](=O)[O-])c(Br)c2)n2cnnc2)c1,CHEMBL4568674,active
CCN(CC)c1ccc2cc(-c3cc4ccc(N(CC)CC)cc4oc3=O)c(=O)oc2c1,CHEMBL4070331,active
N#Cc1ccc(N(Cc2cccc(O)c2)n2cnnc2)cc1,CHEMBL390078,active
N#Cc1ccc(N(CC2CCc3cc(OS(N)(=O)=O)ccc3C2)n2cnnc2)cc1,CHEMBL3622061,active
C#CCC1=C2CC(=O)CCC2C2CCC3(C)C(=O)CCC3C2C1,CHEMBL113739,active
NS(=O)(=O)Oc1ccc2c3c(c(=O)oc2c1)CCCCC3,CHEMBL286738,active
O=[N+]([O-])c1ccc(N(Cc2ccc(Cl)cc2)n2cnnc2)cc1Br,CHEMBL4574913,active
CCC(CCc1c[nH]cn1)=C(c1ccc(O)cc1)c1ccc(O)cc1,CHEMBL5074047,active
CC(C)(C#N)c1cc(C=Cc2ccc(OS(N)(=O)=O)cc2)cc(Cn2cncn2)c1,CHEMBL3622077,active
N#Cc1ccc(N(Cc2ccc(OS(N)(=O)=O)c(Cl)c2)n2cnnc2)cc1,CHEMBL322322,active
c1ccc(C2CC(n3ccnc3)c3ccc4ccccc4c3O2)cc1,CHEMBL1783176,active
COc1ccc2c(c1)C(=N)C(Cc1ccncc1)C2=O,CHEMBL1997442,active
CC(C)(C)CN1C(=O)C2CC2(c2ccc(N)cc2)C1=O,CHEMBL368631,active
Oc1ccc2c(c1)OC(c1ccccc1)CC2n1cncn1,CHEMBL187185,active
CC1=CC2(C)C(=CC1=O)CCC1C2CCC2(C)C(=O)CCC12,CHEMBL3754183,active
C=CCC1=C2CC(=O)CCC2(C)C2CCC3(C)C(=O)CCC3C2C1,CHEMBL4514728,active
N#Cc1ccc(Cn2cncn2)cc1-c1ccccc1,CHEMBL592852,active
N#Cc1ccc(Cn2cncn2)cc1-c1ccc(O)c(Cl)c1,CHEMBL597808,active
N#Cc1ccc(Cn2cncn2)cc1-c1ccc(Cl)c(OS(N)(=O)=O)c1,CHEMBL599239,active
CC1C=C2CC(=O)CCC2(C)C2CCC3(C)C(=O)CCC3C12,CHEMBL487113,active
Oc1ccc2c(c1)OC(c1ccccc1)CC2n1ccnc1,CHEMBL4540847,active
Cc1cc(S(=O)(=O)N2CCCC(Cn3ccnc3)C2)ccc1F,CHEMBL3805310,active
NCCOc1ccc(C(=C(Cn2cnnc2)c2ccccc2)c2ccc(O)cc2)cc1,CHEMBL3422043,active
N#CCC(=C(c1ccc(O)cc1)c1ccc(OCCN)cc1)c1ccccc1,CHEMBL3422040,active
NCCOc1ccc(C(=C(CCCl)c2ccccc2)c2ccc(O)cc2)cc1,CHEMBL3422036,active
C=CSCCC12CCC(=O)C=C1CCC1C2=CCC2(C)C(=O)CCC12,CHEMBL164543,active
O=S(=O)(NCCCn1ccnc1)c1ccc2c(c1)OCCO2,CHEMBL1784789,active
COc1cc2c(cc1-c1cncn1CCCn1ccnc1C)OCCCO2,CHEMBL1784803,active
COc1ccc(S(=O)(=O)N2CCOC(Cn3ccnc3)C2)cc1,CHEMBL1784804,active
COc1ccc(S(=O)(=O)NCCCn2ccnc2)cc1C(C)(C)C,CHEMBL1784808,active
CC12CCC3C(CCC4=CCCCC43CO)C1CCC2=O,CHEMBL1629805,active
CC12C=CC(=O)C=C1CCC1C2CCC2(C)C(=O)C(n3ccnc3)CC12,CHEMBL3818725,active
CC12C=CC(=O)C=C1CCC1C2CCC2(C)C(=O)CCC12,CHEMBL1078534,active
O=S(=O)(c1ccc(F)cc1)N1CCCC(Cn2ccnc2)C1,CHEMBL3805048,active
COc1ccc(S(=O)(=O)N2CCCC(Cn3ccnc3)C2)cc1OC,CHEMBL3805149,active
O=[N+]([O-])c1ccc(S(=O)(=O)N2CCCC(Cn3ccnc3)C2)cc1C(F)(F)F,CHEMBL3805008,active
O=S(=O)(c1ccc(OC2CCCC2)cc1)N1CCCC(Cn2ccnc2)C1,CHEMBL3805733,active
CC=C1CC2C3CCC(=O)C3(C)CCC2C2(C)CCC(=O)C=C12,CHEMBL24410,active
CC(C)(C#N)c1cc(Cn2cncn2)cc(-c2ccccc2)c1,CHEMBL598224,active
N#Cc1cc(Cn2cncn2)cc(-c2ccc(O)c(Cl)c2)c1,CHEMBL598846,active
CCCCCN1C(=O)C2CC2(c2ccc(N)cc2)C1=O,CHEMBL26651,active
CC12CCC3C(Cc4c5c(nn4Cc4ccccc4)C(=O)CCC53C)C1CCC2=O,CHEMBL130546,active
c1ccc(-c2nnc3n2-c2ccc(-c4cccnc4)cc2CC3)cc1,CHEMBL3622434,active
CC(C)(C#N)c1cc(Cn2cncn2)cc(Oc2ccc(OS(N)(=O)=O)cc2)c1,CHEMBL3622076,active
CC(=O)C1(C)CCC2C(=CC=C3CC(=O)CCC32C)C1CC#N,CHEMBL3621226,active
CC12C=CC(=O)C=C1C1(CO1)CC1C2CCC2(C)C(=O)CCC12,CHEMBL3407536,active
C=C1CC2C(CCC3(C)C(O)CCC23)C2(C)C=CC(=O)C=C12,CHEMBL3407538,active
Cc1ccc(-n2c(Cn3ccnc3)cc3ccc(Cl)cc32)cc1,CHEMBL2336854,active
CC(C)Oc1ccc(Cn2ccnc2)c2c(=O)c3ccccc3oc12,CHEMBL2333331,active
COc1cc(O)c2c(c1C)OC(c1ccccc1)CC2=O,CHEMBL3134115,active
COc1cc(COc2ccc3c(Cn4ccnc4)cc(=O)oc3c2)cc(OC)c1OC,CHEMBL3359958,active
O=c1cc(Cn2ccnc2)c2ccc(Oc3ccc(Cl)cc3)cc2o1,CHEMBL1688906,active
COc1ccc(CN2C(=O)C3CC(c4ccc(N)cc4)(C3)C2=O)cc1,CHEMBL28290,active
COc1ccc(S(=O)(=O)NCCCn2ccnc2)cc1C,CHEMBL1784807,active
O=C(Cc1ccc2c(c1)OCO2)N1CCOC(Cn2ccnc2)C1,CHEMBL1784812,active
CCn1c(C(c2ccc(F)cc2)n2ccnc2)c(C)c2cc(Br)ccc21,CHEMBL431859,active
CCCN1C(=O)C2CC(c3ccc(N)cc3)(C2)C1=O,CHEMBL27698,active
COc1cc(C=Cc2ccc(N)cc2)cc(OC)c1,CHEMBL324290,active
CC12CCC3C(CC=C4CC(=O)C(F)CC43C)C1CCC2=O,CHEMBL3623218,active
CC=C(c1ccc(O)cc1)C(c1ccc(O)cc1)c1ccc(OCCN)cc1,CHEMBL3422028,active
NCCOc1ccc(C(=C2CCc3ccccc32)c2ccc(O)cc2)cc1,CHEMBL3422045,active
O=[N+]([O-])c1ccc(Cc2ccncc2)c(OCCc2ccccc2)c1,CHEMBL3421786,active
COc1ccc(-n2c(Cn3ccnc3)cc3ccccc32)cc1,CHEMBL2336858,active
CN(c1ccc([N+](=O)[O-])cc1OCc1ccccc1-c1ccccc1)S(C)(=O)=O,CHEMBL223368,active
N#Cc1ccc(N(CCCCCSc2ccc(OS(N)(=O)=O)cc2)n2cnnc2)cc1,CHEMBL3622059,active
Cc1ccc2cc(Cn3ccnc3)n(-c3ccc(F)cc3)c2c1,CHEMBL2336864,active
Fc1ccc(-c2[nH]c3cc(F)ccc3c2Cn2ccnc2)cc1,CHEMBL4175438,active
CCn1ccc2cc(C(c3ccccc3)n3ccnc3)ccc21,CHEMBL112074,active
O=C1CCc2cc(C(c3ccncc3)C3CCCCC3)cc3c2N1CC3,CHEMBL2312952,active
O=C1CCc2cc(C(c3ccc(F)cc3)c3cccnc3)cc3c2N1CC3,CHEMBL2312972,active
C=CCSCCC12CCC(=O)C=C1CCC1C2=CCC2(C)C(=O)CCC12,CHEMBL351526,active
COc1cc2c(cc1OC)C(=Cc1cccnc1)CCC2,CHEMBL366669,active
N#Cc1ccc(C(c2ccc(C#N)cc2)c2cccnc2)cc1,CHEMBL223554,active
Clc1cccc(C(c2ccc3[nH]cnc3c2)n2ccnc2)c1,CHEMBL389433,active
CC1CCC(C(C)C)C(OC(=O)Cc2ccncc2)C1,CHEMBL105298,active
CCn1c(C)c(C(c2ccc(F)cc2)n2ccnc2)c2ccccc21,CHEMBL1097043,active
O=c1cc(-c2ccccc2)oc2c1ccc1cccc(O)c12,CHEMBL1097042,active
COc1ccc(-c2coc(O)c2-c2ccc(OC)c(OC)c2)cc1OC,CHEMBL1098382,active
CSc1nc2ccccn2c(=N)c1S(=O)(=O)c1ccccc1,CHEMBL355905,active
Fc1ccc(-c2[nH]c3cc(Cl)ccc3c2Cn2ccnc2)cc1,CHEMBL4171996,active
Fc1ccc(-c2[nH]c3cc(Cl)ccc3c2Cn2cncn2)cc1,CHEMBL4161492,active
O=c1c2ccccc2oc2c(Cl)ccc(Cn3ccnc3)c12,CHEMBL2333326,active
O=c1c2ccccc2oc2c(-c3ccccc3)ccc(Cn3ccnc3)c12,CHEMBL2333328,active
N#Cc1ccc(N(Cc2ccc(OS(N)(=O)=O)c(F)c2)n2cnnc2)cc1,CHEMBL108646,active
CC12CCC(=O)C=C1CCC1C2=CCC2(C)C(=O)CCC12,CHEMBL3799363,active
Cc1cc(C)c(S(=O)(=O)NCCCn2ccnc2)cc1C,CHEMBL1303900,active
Cc1ccc(-n2c(Cn3ccnc3)cc3ccc(C)cc32)cc1,CHEMBL2336862,active
COc1ccc2cc(Cn3ccnc3)n(-c3ccccc3)c2c1,CHEMBL2336847,active
Fc1ccc(C(C2Cc3ccccc3O2)n2cncn2)cc1,CHEMBL63297,active
CC12CCC3C(CCC4C(=O)c5[nH]ncc5CC43C)C1CCC2O,CHEMBL3623215,active
O=c1cc(Cn2ccnc2)c2ccc(Oc3ccc(F)c(F)c3)cc2o1,CHEMBL1688911,active
O=c1cc(Cn2ccnc2)c2ccc(Oc3cccc(Cl)c3)cc2o1,CHEMBL1688903,active
CC12CCC3C(CC=C4C(Sc5ccccc5)C(=O)CCC43C)C1CCC2=O,CHEMBL3754241,active
CC(=O)OC1=C2C3CCC(=O)C3(C)CCC2C2(C)CCC(=O)CC2C1=N[NH+]=[N-],CHEMBL3753842,active
O=C1CCc2cc(C(c3ccncc3)c3ccc(F)cc3)cc3c2N1CC3,CHEMBL2312959,active
O=c1cc(Cn2ccnc2)c2ccc(OCc3cccc([N+](=O)[O-])c3)cc2o1,CHEMBL1688895,active
COC1CC2C3CCC(=O)C3(C)CCC2C2(C)CCCC=C12,CHEMBL307581,active
CC(=O)C1(C)CCC2C(CC=C3CC(=O)CCC32C)C1CC#N,CHEMBL3623208,active
NS(=O)(=O)Oc1ccc(-c2cccc(Cn3cncn3)c2)cc1,CHEMBL598629,active
CN(C)c1ccc(Oc2ccc3c(Cn4ccnc4)cc(=O)oc3c2)cc1,CHEMBL1688909,active
O=c1oc2cc(Oc3ccccc3)ccc2cc1C(c1ccccc1)n1ccnc1,CHEMBL1688919,active
Fc1ccc2c(c1)OC(c1ccccc1)CC2n1ccnc1,CHEMBL3623227,active
COc1ccc(COc2ccc3c(Cn4ccnc4)cc(=O)oc3c2)cc1,CHEMBL1688898,active
COc1ccc2c(c1)C1C(CC2)C1(C)c1ccncc1,CHEMBL66867,active
O=c1cc(Cn2ccnc2)c2ccc(OCc3ccc(F)c(F)c3)cc2o1,CHEMBL1688901,active
O=c1cc(Cn2ccnc2)c2ccc(OCCc3ccccc3)cc2o1,CHEMBL3359956,active
O=S(=O)(NCc1cccc(CNS(=O)(=O)c2ccc3ccccc3c2)c1)c1ccc2ccccc2c1,CHEMBL4462178,active
O=S(=O)(NCc1cccc(CNS(=O)(=O)c2ccc(Br)cc2)c1)c1ccc(Br)cc1,CHEMBL4590541,active
Clc1ccc(-c2[nH]c3cc4c(cc3c2Cn2cncn2)OCO4)cc1,CHEMBL4170868,active
O=C1CCc2cc(C(c3ccncc3)c3ccc(Cl)cc3)cc3c2N1CC3,CHEMBL2312961,active
N#Cc1ccc(Oc2cccnc2)cc1NCc1ccccc1,CHEMBL1956175,active
C=C(c1ccncc1)c1cc2c3c(c1)CCN3C(=O)CC2,CHEMBL2312949,active
N#Cc1ccc(C(c2ccc(O)cc2)n2cncn2)cc1,CHEMBL519937,active
CC(C)CCOc1ccc(Cn2ccnc2)c2c(=O)c3ccccc3oc12,CHEMBL2333332,active
N#Cc1ccc(N(CCSc2ccc(O)cc2)n2cnnc2)cc1,CHEMBL3622054,active
CC1(C)CC2(C)C(=CC1=O)CCC1C3CCC(=O)C3(C)CCC12,CHEMBL3753169,active
C#CCSCCC12CCC(=O)C=C1CCC1C2=CCC2(C)C(=O)CCC12,CHEMBL424162,active
N#Cc1ccc(C(c2cc3ccc(O)cc3o2)n2cncn2)cc1,CHEMBL202226,active
CC12CCC3C(CC=C4C(O)CCCC43C)C1CCC2=O,CHEMBL3349856,active
CC12C=CC(=O)C=C1C(CC[N+](=O)[O-])CC1C2CCC2(C)C(=O)CCC12,CHEMBL3751946,active
N#Cc1ccccc1CN(c1ccc([N+](=O)[O-])c(Br)c1)n1cnnc1,CHEMBL4564168,active
O=C1C(=Cc2ccncc2)C(c2ccccc2)c2ccccc21,CHEMBL9179,active
O=[N+]([O-])c1cccc(CN(c2ccc([N+](=O)[O-])c(-c3ccccc3)c2)n2cnnc2)c1,CHEMBL4563511,active
O=C1C(=Cc2cccnc2)C(c2ccc(Cl)cc2)Cn2cccc21,CHEMBL1098737,active
O=[N+]([O-])c1ccc(Cc2cccnc2)c(OCCc2ccccc2)c1,CHEMBL3421785,active
CS(=O)(=O)CS(=O)(=O)N1CCN(c2ccc(OCC3COC(Cn4ccnc4)(c4ccc(Cl)cc4Cl)O3)cc2)CC1,CHEMBL3980889,active
Cc1cnccc1-c1nc(-c2cccnc2)cs1,CHEMBL1957218,active
CCCCCCCCCCN1C(=O)C2CC(c3ccc(N)cc3)(C2)C1=O,CHEMBL27879,active
O=[N+]([O-])c1ccc(-c2cccnc2)c(OCCc2ccccc2)c1,CHEMBL3421766,active
N#Cc1ccc(-c2cccnc2)c(OCCc2ccccc2)c1,CHEMBL3421779,active
N#CC1(c2cc(Cn3cncn3)cc(Sc3ccc(OS(N)(=O)=O)cc3)c2)CC1,CHEMBL3622075,active
O=C(c1ccccc1)c1cc(Br)ccc1Cn1ccnc1,CHEMBL242454,active
CCn1cc(C(c2ccccc2)n2ccnc2)c2ccccc21,CHEMBL3623225,active
CCC1CC2C3CCC(=O)C3(C)CCC2C2(C)CCCC=C12,CHEMBL307690,active
CC(C)(C#N)c1cc(Cn2cncn2)cc(Sc2ccc(OS(N)(=O)=O)cc2)c1,CHEMBL3622070,active
CCCC1CC2C3CCC(=O)C3(C)CCC2C2(C)CCCC=C12,CHEMBL304305,active
O=C(Cn1cncn1)NC(CCc1ccccc1)c1ccc2c(c1)OCCO2,CHEMBL1784793,active
CC(=O)c1ccc(Oc2ccc3c(Cn4ccnc4)cc(=O)oc3c2)cc1,CHEMBL1688908,active
N#Cc1ccc(N(Cc2ccc(OS(N)(=O)=O)c(Cl)c2)n2cnnc2)cc1-c1ccccc1,CHEMBL1672978,active
N#Cc1ccc(N(Cc2ccc(OS(N)(=O)=O)c(Br)c2)n2cnnc2)cc1-c1ccccc1,CHEMBL1672979,active
N#Cc1ccc(N(Cc2ccc(OS(N)(=O)=O)cc2)n2cnnc2)cc1-c1ccc(F)cc1,CHEMBL1672981,active
COc1c(C)c(O)c(C=O)c2c1C(O)CC(c1ccccc1)O2,CHEMBL3134113,active
CCn1ccc2cccc(C(c3ccc(Br)cc3)n3ccnc3)c21,CHEMBL285193,active
COc1cccc2c1CCC(Cc1ccncc1)C2,CHEMBL23148,active
O=[N+]([O-])c1ccc(N(Cc2ccccc2)n2cnnc2)cc1-c1ccccc1,CHEMBL4592407,active
O=C1CCc2cc(C(c3ccncc3)c3cccc(Cl)c3)cc3c2N1CC3,CHEMBL2312960,active
COc1ccccc1C(c1ccncc1)c1cc2c3c(c1)CCN3C(=O)CC2,CHEMBL2312955,active
CC(C)C(c1ccncc1)c1cc2c3c(c1)CCN3C(=O)CC2,CHEMBL2312951,active
O=S(=O)(Cc1ccccc1)Nc1ccc2[nH]ccc2c1,CHEMBL4537791,active
CS(=O)(=O)c1ccc(S(=O)(=O)N2CCCC(Cn3ccnc3)C2)cc1,CHEMBL3805657,active
O=C(Cn1ccnc1)Nc1ccccc1Oc1ccc(F)cc1,CHEMBL1784798,active
O=c1c2ccccc2oc2c(I)ccc(Cn3ccnc3)c12,CHEMBL2333327,active
O=c1c2ccccc2oc2c(OC3CCCC3)ccc(Cn3ccnc3)c12,CHEMBL2333335,active
COc1ccc2cc(C(c3ccc(C#N)cc3)n3cncn3)oc2c1,CHEMBL197650,active
N#Cc1ccc(N(CCSc2ccc(OS(N)(=O)=O)c(Cl)c2)n2cnnc2)cc1,CHEMBL3622057,active
N#Cc1ccc(N(Cc2ccc3cc(OS(N)(=O)=O)ccc3c2)n2cnnc2)cc1,CHEMBL3622062,active
Fc1ccc(CC(Cc2ccc(-c3ccccc3)cc2)n2ccnc2)cc1,CHEMBL523813,active
O=c1cc(C(c2ccc(Cl)cc2)n2ccnc2)c2ccc(Oc3ccccc3)cc2o1,CHEMBL1688917,active
COc1ccc2c(c1)CCC(Cc1ccncc1)C2,CHEMBL23097,active
O=C(c1ccccc1)c1cc([N+](=O)[O-])ccc1Cn1ccnc1,CHEMBL243755,active
CC(C)CN1C(=O)C2CC2(c2ccc(N)cc2)C1=O,CHEMBL174308,active
COc1cc(Cl)c(S(=O)(=O)NCCCn2ccnc2)cc1Cl,CHEMBL1351273,active
Fc1ccc2c(Cn3cncn3)c(-c3ccc(Cl)cc3)[nH]c2c1,CHEMBL4165988,active
N#Cc1ccc(C(=Nc2ccc(Br)cc2)n2ccnc2)cc1,CHEMBL31456,active
N#Cc1cc(Cn2cncn2)cc(-c2ccc(OS(N)(=O)=O)c(Cl)c2)c1,CHEMBL598628,active
N#Cc1ccc(C(c2ccc(O)c(Br)c2)n2cncn2)cc1,CHEMBL453736,active
O=C1C(=Cc2ccncc2)C(c2ccccc2)n2cccc21,CHEMBL3099735,active
O=[N+]([O-])c1cccc(Cl)c1Oc1cccc(S(=O)(=O)N2CCCC(Cn3ccnc3)C2)c1,CHEMBL3806301,active
COc1ccc(C(c2cc3ccc(OC)cc3o2)n2cncn2)cc1,CHEMBL379019,active
COc1ccc2cc(C(c3ccc(Cl)cc3)n3cncn3)oc2c1,CHEMBL382902,active
CC(C)(C)c1ccc(CC(Cc2ccc(-c3ccccc3)cc2)n2ccnc2)cc1,CHEMBL491023,active
COc1ccc(S(=O)(=O)NCCc2c(C(c3ccccc3O)c3[nH]c4ccccc4c3CCNS(=O)(=O)c3ccc(OC)cc3)[nH]c3ccccc23)cc1,CHEMBL4161859,active
O=S(=O)(NCc1cccc(CNS(=O)(=O)c2ccc(Cl)cc2)c1)c1ccc(Cl)cc1,CHEMBL4460718,active
CN(c1ccc(NC(=O)C2CCCCC2)cc1OCc1ccccc1)S(C)(=O)=O,CHEMBL270917,active
CN(c1ccc([N+](=O)[O-])cc1OCc1ccccc1)S(C)(=O)=O,CHEMBL222250,active
N#Cc1ccc(N(Cc2ccc(C(F)(F)F)c(O)c2)n2cnnc2)cc1,CHEMBL226999,active
Fc1ccc(-n2cc(Cn3ccnc3)c3ccccc32)cc1,CHEMBL1094426,active
O=c1cc(-c2ccccc2)oc2cc(O)c(O)cc12,CHEMBL300814,active
CN(c1ccc([N+](=O)[O-])cc1OCc1ccc(-c2ccccc2)cc1)S(C)(=O)=O,CHEMBL373377,active
CCCCN1C(=O)C2CC2(c2ccc(N)cc2)C1=O,CHEMBL174909,active
Fc1ccc(-c2[nH]c3cc(F)ccc3c2Cn2cncn2)cc1,CHEMBL4176600,active
CSCCC12CCC(=O)C=C1CCC1C3CCC(=O)C3(C)CCC12,CHEMBL350074,active
CCOC(=O)c1ccc(C2CCCc3cncn32)cc1,CHEMBL1203760,active
CCCCC1=C2CC(=O)CCC2(C)C2CCC3(C)C(=O)CCC3C2C1,CHEMBL24946,active
Cc1c(F)cncc1-c1nc2ccc(F)cn2c1C1CC1,CHEMBL3924257,active
CCOc1cc2c(cc1-c1cccnc1)CCC(=O)N2,CHEMBL2165316,active
COc1cc(C(=O)N(C)C)cc(C=O)c1C(=O)c1c(C)cccc1O,CHEMBL1094149,active
Clc1ccc(COC(Cn2ccnc2)c2ccc(Cl)cc2Cl)c(Cl)c1,CHEMBL91,active
COc1ccc(C(c2ccncc2)c2cc3c4c(c2)CCN4C(=O)CC3)cc1,CHEMBL2312957,active
Nc1ccc(C(=Cn2cncn2)C(c2ccc(O)cc2)c2ccc(O)cc2)cc1,CHEMBL4750835,active
COc1ccc2c(-c3ccccc3)c(Cn3ccnc3)c(=O)oc2c1,CHEMBL224787,active
COc1ccc(C(Cn2ccnc2)Sc2ccc(Cl)c(Cl)c2)cc1,CHEMBL459502,active
O=c1cc(Cn2ccnc2)c2ccc(OCc3ccc(Cl)cc3)cc2o1,CHEMBL1688897,active
CCCCCC1=C2CC(=O)C=CC2(C)C2CCC3(C)C(=O)CCC3C2C1,CHEMBL440832,active
CCn1cc(C(c2ccccc2)n2ccnc2)c2cc(Br)ccc21,CHEMBL1094428,active
c1cnc(-c2nc(-c3nc4ccccc4s3)cs2)nc1,CHEMBL4228244,active
Cc1ccc(C(=O)NCCCn2ccnc2)cc1[N+](=O)[O-],CHEMBL1521315,active
Nc1ccc(C23CC(C2)C(=O)N(CC2CCCCC2)C3=O)cc1,CHEMBL27546,active
c1ccc(-c2cc(Cn3ccnc3)c3ccc4[nH]ccc4c3n2)cc1,CHEMBL2442756,active
COC(=O)C1(c2ccc(C#N)cc2Cl)CCc2cncn21,CHEMBL3099686,active
Cc1ccc(S(=O)(=O)NCc2cccc(CNS(=O)(=O)c3ccc(C)cc3)c2)cc1,CHEMBL4449929,active
CC(C)(C#N)c1cc(Cn2cncn2)cc(-c2ccc(OS(N)(=O)=O)cc2)c1,CHEMBL597403,active
O=[N+]([O-])c1ccc(Cn2ccnc2)c(Oc2ccccc2)c1,CHEMBL1083653,active
COc1ccc(C=Cc2ccc(N)cc2)c(OC)c1,CHEMBL1170662,active
COc1ccc(C(c2ccc(OC)c(O)c2)n2cncn2)cc1O,CHEMBL480515,active
c1ccc(Oc2ccccc2Cn2ccnc2)cc1,CHEMBL1082760,active
N#Cc1ccc(N(CCCS(=O)(=O)c2ccc(O)cc2)n2cnnc2)cc1,CHEMBL3622060,active
O=[N+]([O-])c1ccc(-c2cccnc2)c(OCc2ccccc2)c1,CHEMBL3421765,active
Fc1ccc(C(c2ccc3[nH]ccc3c2)n2ccnc2)cc1,CHEMBL203981,active
O=c1c2ccccc2[nH]c2c(Cn3ccnc3)cccc12,CHEMBL3219070,active
CC(=CCc1c(O)ccc(C(=O)C=Cc2ccc(O)cc2O)c1O)COC(=O)C=Cc1ccc(O)cc1,CHEMBL514745,active
CCN1CCc2cc(Br)cc(C(c3ccc(F)cc3)n3ccnc3)c21,CHEMBL287950,active
Clc1ccc(C(C2Cc3ccccc3O2)n2cncn2)c(Cl)c1,CHEMBL304788,active
CC(C)=CCc1cc(C2CC(=O)c3c(O)cc(O)cc3O2)ccc1O,CHEMBL457680,active
Oc1cc2c(cc1C(c1ccc3c(c1)OCO3)n1ccnc1)OCO2,CHEMBL459503,active
c1ccc(-n2c(Cn3ccnc3)cc3ccccc32)cc1,CHEMBL2336860,active
COc1ccc2cc(Cn3ccnc3)n(-c3ccc(C)cc3)c2c1,CHEMBL2336851,active
COc1ccc2cc(Cn3ccnc3)n(-c3ccc(F)cc3)c2c1,CHEMBL2336848,active
CC12CC=C3C(CC=C4CC(=O)CCC43CCSCF)C1CCC2=O,CHEMBL3753104,active
CC12C=C(CCCc3ccccc3)C(=O)C=C1CCC1C2CCC2(C)C(=O)CCC12,CHEMBL3753611,active
CC12CCC(=O)c3c1c(nn3Cc1ccccc1)CC1C2CCC2(C)C(O)CCC12,CHEMBL3751913,active
N#Cc1ccc(C(c2ccc3cc[nH]c3c2)n2cncn2)cc1,CHEMBL512994,active
CC12CCC3C(CC=C4C(SCCl)C(=O)CCC43C)C1CCC2=O,CHEMBL3754724,active
CC12CCC(=O)C(Sc3ccccc3)C1=CCC1C2CCC2(C)C(O)C(C#N)CC12,CHEMBL3623217,active
N#Cc1ccc(N(Cc2ccc(O)c(I)c2)n2cnnc2)cc1,CHEMBL226790,active
O=C(c1ccccc1)c1cc(Cn2ccnc2)ccc1[N+](=O)[O-],CHEMBL388930,active
N#Cc1ccc(C(=C2CCCCC2)n2cncn2)cc1,CHEMBL223555,active
O=C(c1ccccc1)c1ccc(Cn2ccnc2)cc1,CHEMBL223176,active
CC12CCC3C(CCC4=CC(O)CCC43C)C1CCC2=O,CHEMBL1077603,active
CC12CCC3C(Cc4c5c(nn4CC=Cc4ccccc4)C(=O)CCC53C)C1CCC2=O,CHEMBL422610,active
CC(C)C(=C(c1ccc(O)cc1)c1ccc(OCCN)cc1)c1ccccc1,CHEMBL3422038,active
CC12CCC3C(CCC45OC4CCCC35C)C1CCC2=O,CHEMBL3800417,active
O=c1cc(Cn2ccnc2)c2ccc(OCc3ccc([N+](=O)[O-])cc3)cc2o1,CHEMBL3359953,active
COc1ccc(CN(c2ccc(C#N)cc2)n2cnnc2)cc1O,CHEMBL388093,active
COc1cc(CN(c2ccc(C#N)cc2)n2cnnc2)cc(Cl)c1OS(N)(=O)=O,CHEMBL390717,active
O=C1CCc2cc(C(O)(c3ccccc3)c3ccncc3)cc3c2N1CC3,CHEMBL2312953,active
COc1ccc2c(c1)C(=O)C(c1ccccc1)CO2,CHEMBL2011180,active
Clc1ccc(CC(Cc2ccccc2)n2ccnc2)s1,CHEMBL518586,active
O=c1c(-c2ccccc2)c(SCc2ccncc2)oc2cc(OCc3ccc(-c4ccccc4)cc3)ccc12,CHEMBL1094427,active
COc1cccc(C(c2ccncc2)c2cc3c4c(c2)CCN4C(=O)CC3)c1,CHEMBL2312956,active
CC12CC=C3C(CC=C4CC(=O)CCC43CCSc3ccccc3)C1CCC2=O,CHEMBL349963,active
Cn1c(=O)sc2cc(C(c3ccccc3)n3ccnc3)ccc21,CHEMBL1097041,active
O=C1c2ccc(Oc3ccccc3)cc2OC(SCc2cccnc2)C1c1ccccc1,CHEMBL1096744,active
CC12CCC3C(Cc4[nH]nc5c4C3(C)CCC5=O)C1CCC2=O,CHEMBL132563,active
CC12CCC3C(Cc4nn(CC=Cc5ccccc5)c5c4C3(C)CCC5=O)C1CCC2=O,CHEMBL131414,active
O=S(=O)(Nc1cccc(NS(=O)(=O)c2ccc(Cl)cc2)c1)c1ccc(Cl)cc1,CHEMBL4446561,active
N#Cc1ccc(S(=O)(=O)NCc2cccc(CNS(=O)(=O)c3ccc(C#N)cc3)c2)cc1,CHEMBL4444996,active
O=[N+]([O-])c1ccc(NC(=S)NCc2cccc(CNC(=S)Nc3ccc([N+](=O)[O-])cc3)c2)cc1,CHEMBL2299368,active
CCCC1CC2C(CCC3(C)C(O)CCC23)C2(C)CCCC=C12,CHEMBL69891,active
O=[N+]([O-])c1ccc(N(Cc2ccc(C(F)(F)F)cc2)n2cnnc2)cc1-c1ccccc1,CHEMBL4560281,active
O=[N+]([O-])c1ccc(N(Cc2cccc(C(F)(F)F)c2)n2cnnc2)cc1-c1ccccc1,CHEMBL4556775,active
O=[N+]([O-])c1ccc(Nn2cnnc2)cc1Br,CHEMBL4547558,active
O=[N+]([O-])c1ccc(N(Cc2ccccc2)n2cnnc2)cc1Br,CHEMBL4536893,active
N#Cc1ccc(Cn2cc(Cn3ccnc3)c3ccccc32)cc1,CHEMBL324326,active
CC12CCC(=O)C(SCCl)C1=CCC1C2=CCC2(C)C(=O)CCC12,CHEMBL442542,active
O=S(=O)(c1cccc2nsnc12)N1CCCC(Cn2ccnc2)C1,CHEMBL3806151,active
COc1cc(O)c(C=O)c2c1C(OC)CC(c1ccccc1)O2,CHEMBL3134112,active
COc1ccc2cc(Cn3ccnc3)n(-c3ccc(C#N)cc3)c2c1,CHEMBL2336850,active
CC12C=CC(=O)C=C1C(OCC#CCO)CC1C2CCC2(C)C(=O)CCC12,CHEMBL2179114,active
FC(F)(F)c1ccc(-n2c(Cn3ccnc3)cc3ccccc32)cc1,CHEMBL2336859,active
COc1ccc2cc(Cn3ccnc3)n(-c3ccc(C(F)(F)F)cc3)c2c1,CHEMBL2336849,active
Fc1ccc2c(Cn3ccnc3)c(-c3ccc(Cl)cc3)[nH]c2c1,CHEMBL4167569,active
COc1ccc2c(Cn3ccnc3)c(-c3ccc(F)cc3)[nH]c2c1,CHEMBL4160335,active
COc1ccc(-c2[nH]c3cc(F)ccc3c2Cn2cncn2)cc1,CHEMBL4169808,active
COc1ccc(-c2[nH]c3cc(Cl)ccc3c2Cn2cncn2)cc1,CHEMBL4159159,active
NCCOc1ccc(C(=C(Cn2cncn2)c2ccccc2)c2ccc(O)cc2)cc1,CHEMBL3422042,active
O=C1CCc2cc(-c3cccnc3)cc(-c3cccnc3)c2N1,CHEMBL2165324,active
O=C1CCc2cc(-c3cccnc3)c(OC3CCCC3)cc2N1,CHEMBL2165318,active
COc1cc2c(cc1-c1cccnc1)CCC(=O)N2,CHEMBL2165314,active
O=C1CCc2cc(C(c3ccncc3)c3cc(C(F)(F)F)cc(C(F)(F)F)c3)cc3c2N1CC3,CHEMBL2312963,active
COc1ccc2c(Cl)c(-c3cccnc3)ccc2c1Cl,CHEMBL381014,active
CC=C(c1ccc(O)cc1)C(c1ccc(O)cc1)c1ccc(CCCN)cc1,CHEMBL3422052,active
Nc1ccc(-c2cccnc2)c(OCc2ccccc2)c1,CHEMBL3421764,active
CC(Cc1ccc(O)c(O)c1)C(C)Cc1ccc(O)c(O)c1,CHEMBL52,active
O=C1OCC(Cc2ccc(O)c(O)c2)C1Cc1ccc(O)c(O)c1,CHEMBL369471,active
CC1CC2C3CCC(=O)C3(C)CCC2C2(C)CCC3OC3C12,CHEMBL4460869,active
N#Cc1ccc(N(Cc2ccccc2)n2cnnc2)cc1-c1ccc(OS(N)(=O)=O)cc1,CHEMBL1672974,active
O=c1c2ccccc2sc2c(Cn3ccnc3)ccc([N+](=O)[O-])c12,CHEMBL1083665,active
CCc1c(F)cncc1-c1nc2ccc(F)cn2c1C1CC1,CHEMBL3919759,active
N#Cc1ccc(C(c2ccc(C#N)cc2)n2ncnn2)cc1,CHEMBL224790,active
Oc1ccc(-c2nc(-c3ccc(Cl)cc3)c(-c3cccnc3)[nH]2)cc1,CHEMBL509750,active
NS(=O)(=O)Oc1ccc(C(c2ccc(OS(N)(=O)=O)c(Br)c2)n2cncn2)cc1Br,CHEMBL479928,active
N#Cc1ccc(C(CCc2ccc(OS(N)(=O)=O)c(Br)c2)n2cncn2)cc1,CHEMBL3623231,active
Fc1ccc(C(c2cc3ccccc3o2)n2cncn2)cc1,CHEMBL3623226,active
O=c1cc(-c2ccc(O)cc2)oc2cc(O)ccc12,CHEMBL294878,active
CCC(=C(c1ccc(N)cc1)c1ccc(OCCN)cc1)c1ccccc1,CHEMBL3422032,active
CCCC(=C(c1ccc(O)cc1)c1ccc(OCCN)cc1)c1ccccc1,CHEMBL3422037,active
O=C(Cc1ccncc1)OC12CC3CC(CC(C3)C1)C2,CHEMBL104047,active
Clc1ccccc1Cn1cc(Cn2ccnc2)c2ccccc21,CHEMBL112021,active
Cn1ccc2cc(C(c3ccc(Cl)cc3)n3ccnc3)ccc21,CHEMBL382679,active
COc1cc(C=C(Cn2ccnc2)c2ccc([N+](=O)[O-])cc2)cc(OC)c1,CHEMBL1170678,active
CN(c1ccc([N+](=O)[O-])cc1OC1CCCC1)S(C)(=O)=O,CHEMBL202473,active
COc1cccc(C=Cc2ccc(N)cc2)c1OC,CHEMBL1173700,active
COc1ccc(CCc2ccc(N)cc2)cc1OC,CHEMBL1171680,active
CC1C(OC(=O)Cc2ccncc2)CC2CC1C2(C)C,CHEMBL319026,active
Nc1cccc(C(Cn2ccnc2)=C(c2ccc(O)cc2)c2ccc(O)cc2)c1,CHEMBL4761359,active
O=C1C(=Cc2cccc(OCCCn3ccnc3)c2)Cc2ccccc21,CHEMBL2235953,active
O=S(=O)(c1ccc(F)c(F)c1F)N1CCCC(Cn2ccnc2)C1,CHEMBL3805839,active
CC(C)(C#N)c1cc(Cn2cncn2)cc(-c2ccc(O)c(Cl)c2)c1,CHEMBL597416,active
N#Cc1cc(Cn2cncn2)ccc1-c1ccc(O)c(Cl)c1,CHEMBL598020,active
N#Cc1cc(Cn2cncn2)cc(-c2ccc(O)cc2)c1,CHEMBL601840,active
N#Cc1cc(Cn2cncn2)ccc1-c1ccccc1,CHEMBL608153,active
N#Cc1ccc(-c2ccc(OS(N)(=O)=O)c(Cl)c2)cc1Cn1cncn1,CHEMBL599442,active
N#Cc1cc(Cn2cncn2)cc(-c2ccc(OS(N)(=O)=O)cc2)c1,CHEMBL598627,active
Fc1ccc(CN(Cc2ccc(-c3ccccc3)cc2)n2ccnc2)c(F)c1,CHEMBL491824,active
N#Cc1ccc(N(Cc2c(F)c(F)c(O)c(F)c2F)n2cnnc2)cc1,CHEMBL226891,active
COc1cc([N+](=O)[O-])ccc1S(=O)(=O)N1CCCC(Cn2ccnc2)C1,CHEMBL3804993,active
COc1ccc(COc2ccc3c(Cn4ccnc4)cc(=O)oc3c2)cc1OC,CHEMBL3359957,active
N#Cc1ccc(-c2cccc(O)c2)cc1Cn1cncn1,CHEMBL589247,active
O=S(=O)(c1ccc(F)c(Cl)c1)N1CCCC(Cn2ccnc2)C1,CHEMBL3805481,active
COc1cc(C=C(Cn2ccnc2)c2ccc(N)cc2)cc(OC)c1,CHEMBL1170893,active
CCC1=C2CC(=O)CCC2(C)C2CCC3(C)C(=O)CCC3C2C1,CHEMBL24021,active
N#Cc1ccc(S(=O)(=O)N2CCCC(Cn3ccnc3)C2)c(Cl)c1,CHEMBL3806282,active
O=[N+]([O-])c1cccc(CN(c2ccc([N+](=O)[O-])c(Br)c2)n2cnnc2)c1,CHEMBL4575939,active
COc1ccc2c(Cc3ccccc3)c(-c3ccc(Cl)cc3)c(=O)oc2c1,CHEMBL3818720,active
CC1(C)Oc2ccc(S(=O)(=O)NCCCn3ccnc3)cc2NC1=O,CHEMBL1784813,active
O=[N+]([O-])c1ccc(N(Cc2ccc(C(F)(F)F)cc2)n2cnnc2)cc1Br,CHEMBL4526798,active
N#Cc1ccc(-n2ccc3ccncc32)cc1Oc1ccccc1,CHEMBL1956188,active
CCC#CCOC1=C2CC(=O)C=CC2(C)C2CCC3(C)C(=O)CCC3C2C1,CHEMBL2179110,active
N#Cc1ccc(C(c2cccc3[nH]ccc23)n2ccnc2)cc1,CHEMBL468410,active
CC(=C(c1ccc(N)cc1)c1ccc(N)cc1)c1ccc([N+](=O)[O-])cc1,CHEMBL3984531,active
Fc1ccc2nc(-c3cncc4ccccc34)c(C3CC3)n2c1,CHEMBL3948337,active
O=[N+]([O-])c1ccc(S(=O)(=O)NCc2cccc(CNS(=O)(=O)c3ccc([N+](=O)[O-])cc3)c2)cc1,CHEMBL4570681,active
CC#CCOC1=C2CC(=O)C=CC2(C)C2CCC3(C)C(=O)CCC3C2C1,CHEMBL2179109,active
O=C(Cc1ccc(F)cc1)N1CCOC(Cn2ccnc2)C1,CHEMBL1784811,active
Fc1ccc(-c2[nH]c3cc4c(cc3c2Cn2cncn2)OCO4)cc1,CHEMBL4162931,active
CC(=C(c1ccc(O)cc1)c1ccc(OCCN)cc1)c1ccccc1,CHEMBL3422035,active
COc1ccc(-c2[nH]c3cc(Cl)ccc3c2Cn2ccnc2)cc1,CHEMBL4174373,active
COc1ccc(-c2cc(N(Cc3ccc(OS(N)(=O)=O)cc3)n3cnnc3)ccc2C#N)cc1,CHEMBL1672980,active
Brc1ccc(C2CCCc3cncn32)cc1,CHEMBL1203766,active
Cc1nc2c(cc1C#N)C(Nc1ccc(Cl)cc1)Oc1ccc([N+](=O)[O-])cc1-2,CHEMBL572637,active
CC=C(c1c[nH]cn1)C(c1ccc(O)cc1)c1ccc(O)cc1,CHEMBL5075144,active
Oc1ccc(C2CC(n3ccnc3)c3ccc4ccccc4c3O2)cc1,CHEMBL1783177,active
O=c1c2ccccc2oc2c(O)ccc(Cn3ccnc3)c12,CHEMBL2333336,active
CC1=C2CC(=O)CCC2(C)C2CCC3(C)C(=O)CCC3C12,CHEMBL583076,active
COc1ccc(S(=O)(=O)NCCCn2ccnc2)cc1F,CHEMBL1784809,active
COc1cc(CC(=O)N2CCOC(Cn3ccnc3)C2)cc(OC)c1OC,CHEMBL1784791,active
CCOc1ccc(S(=O)(=O)NCCCn2ccnc2)c2ccccc12,CHEMBL1784806,active
CCC1CC2(C)C(=CC1=O)CCC1C3CCC(=O)C3(C)CCC12,CHEMBL3623219,active
CC1OC(=O)CC2C3CC=C4CC(O)CCC4(C)C3CCC12C,CHEMBL3623209,active
N#Cc1cc(Cn2cncn2)ccc1-c1ccc(OS(N)(=O)=O)c(Cl)c1,CHEMBL598211,active
CCN1CCc2cccc(C(c3cccc(Cl)c3)n3ccnc3)c21,CHEMBL288695,active
N#Cc1ccc(Cn2cncn2)cc1-c1ccc(O)cc1,CHEMBL597606,active
N#Cc1ccc(-c2ccc(O)c(Cl)c2)cc1Cn1cncn1,CHEMBL609332,active
O=C(c1ccc(-c2ccccc2)cc1)c1cccc(Cn2ccnc2)c1,CHEMBL243961,active
CCN1CCc2cc(Cl)cc(C(c3ccc(F)cc3)n3ccnc3)c21,CHEMBL288804,active
CC12CCC3C(CC=C4CC(=O)CCC43C)C1CCC2=O,CHEMBL274826,active
C#CSCCC12CCC(=O)C=C1CCC1C2=CCC2(C)C(=O)CCC12,CHEMBL350713,active
CC(=O)N1CCN(c2ccc(COC3COC(Cn4ccnc4)(c4ccc(Cl)cc4Cl)OC3)cc2)CC1,CHEMBL4289930,active
CS(=O)(=O)N1CCN(c2ccc(OCC3COC(Cn4ccnc4)(c4ccc(Cl)cc4Cl)O3)cc2)CC1,CHEMBL3983734,active
O=C1CCc2cc(-c3cccnc3)c(OCc3ccccc3)cc2N1,CHEMBL2165320,active
O=C(Nc1ccc(Cl)cc1)OC(COc1ccccc1)Cn1ccnc1,CHEMBL4874326,active
O=C(C(=Cc1ccccc1)n1cncn1)c1ccc(Cl)cc1Cl,CHEMBL1784788,active
COc1ccc(C(c2cc3c4c(c2)CCN4C(=O)CC3)n2ccnc2)cc1,CHEMBL2163646,active
Oc1ccc(C(=C(Cn2ccnc2)c2ccc(O)c(F)c2)c2ccc(O)cc2)cc1,CHEMBL4753594,active
Oc1ccc(C(=C(Cn2ccnc2)c2ccccc2)c2ccc(O)cc2)cc1,CHEMBL4777271,active
N#CC=C(c1ccc(N)cc1)C(c1ccc(O)cc1)c1ccc(O)cc1,CHEMBL4760286,active
O=[N+]([O-])c1ccc(N(Cc2ccc(Br)cc2)n2cnnc2)cc1,CHEMBL4520995,active
Cc1ccc(-n2c(Cn3ccnc3)cc3ccccc32)cc1,CHEMBL2336857,active
CC(CCc1c[nH]cn1)=C(c1ccc(O)cc1)c1ccc(O)cc1,CHEMBL5081446,active
CC1CCC2C(C)(C)C3CC12CCC3(C)OC(=O)Cc1ccncc1,CHEMBL134442,active
COc1ccc(S(=O)(=O)N2CCCC(Cn3ccnc3)C2)c(OC)c1,CHEMBL3805678,active
N#Cc1ccc(C(F)(c2ccc(C#N)cc2)n2ccnc2)cc1,CHEMBL225378,active
CN1C(=O)CCc2cc(-c3cccnc3)c(OCc3ccccc3)cc21,CHEMBL2165321,active
CCCOc1ccc(COc2ccc3c(Cn4ccnc4)cc(=O)oc3c2)cc1,CHEMBL3359954,active
COc1cccc(COc2ccc3c(Cn4ccnc4)cc(=O)oc3c2)c1,CHEMBL3359952,active
N#Cc1ccc(N(Cc2cccc(OS(N)(=O)=O)c2)n2cnnc2)cc1,CHEMBL325346,active
COc1ccc(-n2c(Cn3ccnc3)cc3ccc(C)cc32)cc1,CHEMBL2336863,active
COc1ccc2cc(C(c3ccc(F)cc3)n3cncn3)oc2c1,CHEMBL198291,active
N#Cc1ccc(C(F)(c2ccc(C#N)cc2)n2ccnn2)cc1,CHEMBL388515,active
Oc1cccc(-c2ccc(Cc3ccncc3)cc2)c1,CHEMBL1172882,active
Clc1ccc(C(C2Cc3ccccc3O2)n2cncn2)cc1,CHEMBL291646,active
COc1ccc(CN(c2ccc(C#N)cc2)n2cnnc2)cc1OS(N)(=O)=O,CHEMBL226945,active
N#Cc1ccc(N(Cc2ccc(Br)c(OS(N)(=O)=O)c2)n2cnnc2)cc1,CHEMBL226893,active
N#Cc1ccc(N(Cc2ccc(F)c(OS(N)(=O)=O)c2)n2cnnc2)cc1,CHEMBL226892,active
CCCCC#CCOC1=C2CC(=O)C=CC2(C)C2CCC3(C)C(=O)CCC3C2C1,CHEMBL2179112,active
Oc1ccc(C(=C(Cn2ccnc2)c2cccc(O)c2)c2ccc(O)cc2)cc1,CHEMBL4778401,active
CCC(CCc1cccnc1)=C(c1ccc(O)cc1)c1ccc(O)cc1,CHEMBL5092560,active
O=C(OCc1ccncc1)C12CC3CC(CC(C3)C1)C2,CHEMBL113242,active
Oc1ccc(C(=C(Cn2cncn2)c2ccccc2)c2ccc(O)cc2)cc1,CHEMBL4797578,active
C=C(c1cc2c3c(c1)CCN3C(=O)CC2)n1ccnc1,CHEMBL2163641,active
CCC(C)Oc1ccc(Cn2ccnc2)c2c(=O)c3ccccc3oc12,CHEMBL2333333,active
CC(C)(C)c1ccc(CN(Cc2cccs2)n2ccnc2)cc1,CHEMBL523973,active
O=C1CCc2cc(C(c3ccccc3)c3ccncc3)cc3c2N1CC3,CHEMBL2312954,active
C=CCC1CC2C(=O)C(=O)CCC2(C)C2CCC3(C)C(=O)CCC3C12,CHEMBL4454575,active
CCn1ccc2c3c(Cn4cncn4)cc(-c4ccccc4)nc3ccc21,CHEMBL2442762,active
N#Cc1ccc(-c2ccc(OS(N)(=O)=O)cc2)cc1Cn1cncn1,CHEMBL592376,active
Cc1ccc2cc(Cn3ccnc3)n(-c3ccccc3)c2c1,CHEMBL2336861,active
Cn1cc(CCN(c2ccc(C#N)cc2)n2cnnc2)c2cc(OS(N)(=O)=O)ccc21,CHEMBL3622066,active
O=[N+]([O-])c1ccc(N(Cc2cccc(C(F)(F)F)c2)n2cnnc2)cc1Br,CHEMBL4514474,active
CC12CCC(=O)C(=O)C1CCC1C2=CCC2(C)C(=O)CCC12,CHEMBL288190,active
O=S(=O)(Cc1ccccc1)NCCc1c[nH]c2ccccc12,CHEMBL4464506,active
Nc1ccc(C(=Cn2cnnc2)C(c2ccc(O)cc2)c2ccc(O)cc2)cc1,CHEMBL4745681,active
Clc1ccc(-n2c(Cn3ccnc3)cc3ccc(Cl)cc32)cc1,CHEMBL2336855,active
CC(C)(C#N)c1cc(Cn2cncn2)cc(Sc2ccc(OS(N)(=O)=O)c(Br)c2)c1,CHEMBL3622072,active
C=CCC1C=C2CC(=O)C=CC2(C)C2CCC3(C)C(O)CCC3C12,CHEMBL3819549,active
O=[N+]([O-])c1ccc(-c2cccnc2)c(OCCCc2ccccc2)c1,CHEMBL3421767,active
CC12CCC3C(CCC4C(=O)c5[nH]ccc5CC43C)C1CCC2O,CHEMBL3818442,active
CC=C(c1ccc(O)cc1)C(c1ccc(N)cc1)c1ccc(OCCN)cc1,CHEMBL3422033,active
CCC(=C(c1ccccc1)c1ccc(OCCN)cc1)c1ccccc1,CHEMBL3422031,active
Clc1cc(-c2nc(-c3cccnc3)cs2)ccn1,CHEMBL1957216,active
Cc1ccc(Oc2ccc3c(Cn4ccnc4)cc(=O)oc3c2)cc1,CHEMBL1688905,active
COc1ccc(C(c2cc3ccc(OC)cc3o2)n2ccnc2)cc1,CHEMBL382500,active
N#Cc1ccc(Oc2ccc3c(Cn4ccnc4)cc(=O)oc3c2)cc1,CHEMBL1688907,active
COC(=O)c1ccccc1S(=O)(=O)N1CCCC(Cn2ccnc2)C1,CHEMBL3805021,active
CC1CC2=CCCCC2(C)C2CCC3(C)C(=O)CCC3C12,CHEMBL4451962,active
O=c1c2ccccc2sc2c(Cn3ccnc3)cccc12,CHEMBL1083353,active
O=c1c2ccccc2oc2c(Cn3ccnc3)cccc12,CHEMBL1083971,active
N#Cc1ccc(C(Cc2ccc(OS(N)(=O)=O)c(Br)c2)n2cncn2)cc1,CHEMBL3818343,active
COc1ccc2cc(C(O)(c3ccc(F)cc3)c3cccnc3)oc2c1,CHEMBL372999,active
O=S(=O)(c1ccc(F)c(F)c1)N1CCCC(Cn2ccnc2)C1,CHEMBL3806159,active
Clc1ccc(-c2[nH]c3cc(Cl)ccc3c2Cn2cncn2)cc1,CHEMBL4169419,active
O=C1C(=Cc2ccncc2)CCc2c(O)cccc21,CHEMBL92488,active
COc1cc2c(cc1-c1cccnc1)CCC(=O)N2C,CHEMBL2165315,active
COc1c(C)cc(S(=O)(=O)N2CCCC(Cn3ccnc3)C2)c(C)c1C,CHEMBL3805388,active
CC=CC1CC2C3CCC(=O)C3(C)CCC2C2(C)CCC(=O)C(=O)C12,CHEMBL4468497,active
O=S(=O)(NCCc1c[nH]c2ccccc12)c1ccccc1,CHEMBL1371590,active
CC(Cc1cccnc1)=C(c1ccc(O)cc1)c1ccc(O)cc1,CHEMBL5069811,active
CCC(Cn1ccnc1)=C(c1ccc(O)cc1)c1ccc(O)cc1,CHEMBL5072101,active
N#Cc1ccc(C(F)(c2ccc(C#N)cc2)n2ncnn2)cc1,CHEMBL225360,active
CCOc1cc2c(cc1-c1cccnc1)CCC(=O)N2C,CHEMBL2165317,active
CCn1ccc2cc(Br)cc(C(c3ccc(F)cc3)n3ccnc3)c21,CHEMBL39423,active
CC(Cn1ccnc1)=C(c1ccc(O)cc1)c1ccc(O)cc1,CHEMBL5087363,active
COc1ccc(C(=O)OC(COc2ccccc2)Cn2ccnc2)cc1,CHEMBL1485809,active
CC(=O)c1ccc(S(=O)(=O)N2CCOC(Cn3ccnc3)C2)cc1,CHEMBL1784805,active
Clc1cccc(C(c2ccc3[nH]ccc3c2)n2ccnc2)c1,CHEMBL204483,active
CCC(Cc1cccnc1)=C(c1ccc(O)cc1)c1ccc(O)cc1,CHEMBL5080066,active
CC(=C(c1ccc(O)cc1)c1ccc(O)cc1)c1c[nH]cn1,CHEMBL5082681,active
CCC(c1ccc(C#N)cc1)(c1ccc(C#N)cc1)n1cncn1,CHEMBL224462,active
CCC#CCOc1ccc2c(=O)c3ccc(Cn4ccnc4)cc3oc2c1,CHEMBL4632445,active
Nc1ccc(C(=Cn2ccnc2)C(c2ccc(O)cc2)c2ccc(O)cc2)cc1,CHEMBL4755831,active
Oc1ccc(C(=Cn2ccnc2)C(c2ccc(O)cc2)c2ccc(O)cc2)cc1,CHEMBL4780337,active
