preprocessedSmiles,Molecule ChEMBL ID,pChEMBL Value,activity_classification
Brc1ccc2c(c1)CCC2=Cc1c[nH]cn1,CHEMBL174579,7.0,active
O=c1cc(-c2ccc(O)cc2)oc2cc(O)cc(O)c12,CHEMBL28,6.05,active
CC[C@@H]1CC2C(CCC3(C)C(O)CCC23)C2(C)CCCC=C12,CHEMBL306022,8.48,active
COc1ccc2nc3cc(Cl)ccc3c(Nc3cccnc3)c2c1,CHEMBL495567,7.12,active
O=[N+]([O-])c1ccc(C(c2cc3ccc(O)cc3o2)n2cncn2)cc1,CHEMBL202231,7.22,active
COc1ccc2cc(C(O)(c3ccc(Cl)cc3)c3cccnc3)oc2c1,CHEMBL202612,7.31,active
COc1ccc(C(c2cc3c(cc2O)OCO3)n2ccnc2)cc1,CHEMBL522733,7.26,active
CC12CCC3C(CC=C4C=CCCC43C)C1CCC2=O,CHEMBL71152,6.47,active
COc1cccc(-c2csc(-c3ncccn3)n2)c1,CHEMBL4228753,6.75,active
C[C@]12CC[C@H]3[C@@H](C[C@H](O)C4=CCCC[C@@]43C)[C@@H]1CCC2=O,CHEMBL1629806,6.72,active
C=CCC1=C2CC(=O)C=C[C@]2(C)[C@H]2CC[C@]3(C)C(=O)CC[C@H]3[C@@H]2C1,CHEMBL4575994,7.26,active
O=c1cc(Cn2ccnc2)c2ccc(Oc3ccccc3)cc2o1,CHEMBL437731,7.29,active
O=c1cc(Cn2ccnc2)c2ccc(OCc3cccc(OC(F)(F)F)c3)cc2o1,CHEMBL1688894,6.68,active
O=c1cc(Cn2ccnc2)c2ccc(OCc3cc(F)cc(F)c3)cc2o1,CHEMBL1688900,6.77,active
COc1cccc(Oc2ccc3c(Cn4ccnc4)cc(=O)oc3c2)c1,CHEMBL1688904,6.54,active
COc1c(OC)c(OC)c2c(c(C)cc(=O)n2C)c1OC,CHEMBL455593,6.12,active
COc1cc(OC)c2c(c(C)cc(=O)n2C)c1OC,CHEMBL449065,7.0,active
COc1ccc2c(c1)CCC1C(c3ccncc3)C21,CHEMBL67842,7.16,active
O=c1cc(OCCn2ccnc2)c2ccccc2o1,CHEMBL225178,6.12,active
CCn1ccc2cccc(C(c3ccc(Cl)cc3)n3ccnc3)c21,CHEMBL289945,7.26,active
COc1ccc2c(c1)C1C(CC2)C1c1ccncc1,CHEMBL294361,7.21,active
COc1c(C)c(OC)c2c(c1C=O)O[C@H](c1ccccc1)C[C@H]2O,CHEMBL3134110,6.0,active
O=C1CCc2cc(C(C3CC3)n3ccnc3)cc3c2N1CC3,CHEMBL2163639,6.64,active
O=C1CCc2cc(-c3cccnc3)cc(-c3ccsc3)c2N1,CHEMBL2165325,6.56,active
CN1C(=O)CCc2cc(-c3cccnc3)c(OC3CCCC3)cc21,CHEMBL2165319,7.66,active
N#Cc1ccc(N(Cc2cc(Cl)c(O)c(Cl)c2)n2cnnc2)cc1,CHEMBL226843,8.12,active
COc1cc(CN(c2ccc(C#N)cc2)n2cnnc2)ccc1O,CHEMBL226791,8.55,active
N#Cc1ccc(Cn2cncn2)cc1-c1cccc(Cl)c1,CHEMBL589974,9.66,active
O=c1cc(Cn2ccnc2)c2ccc(OCc3ccc(F)cc3)cc2o1,CHEMBL1688896,6.57,active
O=c1cc(Cn2ccnc2)c2ccc(OCc3ccc(OC(F)(F)F)cc3)cc2o1,CHEMBL1688899,6.32,active
O=C(c1ccccc1)c1ccccc1Cn1ccnc1,CHEMBL244795,6.25,active
O=C(c1ccc(-c2ccccc2)cc1)c1cc([N+](=O)[O-])ccc1Cn1ccnc1,CHEMBL243756,7.75,active
O=c1c([C@@H](c2ccc([N+](=O)[O-])cc2)n2ccnc2)coc2ccccc12,CHEMBL224665,8.64,active
O=C(c1ccc(-c2ccccc2)cc1)c1ccccc1Cn1ccnc1,CHEMBL243960,6.58,active
COc1cc(CN(c2ccc(C#N)cc2)n2cnnc2)ccc1OS(N)(=O)=O,CHEMBL226736,7.38,active
COc1ccc2c(C(c3ccccc3)n3ccnc3)cc(=O)oc2c1,CHEMBL1688914,6.34,active
C[C@]12C=CC(=O)C=C1C(CO)=CC1[C@@H]2CC[C@]2(C)C(=O)CC[C@@H]12,CHEMBL3407539,6.01,active
C[C@]12CC[C@H]3[C@@H](CC=C4C(SCF)C(=O)CC[C@@]43C)[C@@H]1CCC2=O,CHEMBL3752892,6.1,active
COc1cc2c(cc1Br)CC[C@H]1[C@H](c3ccncc3)[C@@H]21,CHEMBL225497,6.03,active
O=C(c1ccccc1)c1cccc(Cn2ccnc2)c1,CHEMBL397728,8.14,active
CCCC1=C2CC(=O)CCC2(C)C2CCC3(C)C(=O)CCC3C2C1,CHEMBL25695,6.41,active
COc1ccc2c(c1)C(=O)C(=Cc1c[nH]cn1)CC2,CHEMBL3219600,7.39,active
N#Cc1ccc(N(Cc2ccc(O)c(F)c2)n2cnnc2)cc1,CHEMBL226738,8.54,active
C[C@]12CC[C@H]3[C@@H](CC[C@H]4[C@@H]5C[C@@H]5CC[C@@]43C)[C@@H]1CCC2=O,CHEMBL3798461,6.96,active
COc1cccc(C2=CC(=O)c3ccc4c(c3=N2)=CC=N4)c1,CHEMBL2442766,6.23,active
N#Cc1ccc(C(c2ccc(C#N)cc2)n2cncn2)cc1,CHEMBL1444,8.47,active
CC(=O)N1CCN(c2ccc(OCC3COC(Cn4ccnc4)(c4ccc(Cl)cc4Cl)O3)cc2)CC1,CHEMBL157101,6.05,active
CCn1ccc2cccc(C(c3ccc(F)cc3)n3ccnc3)c21,CHEMBL416616,7.21,active
CN(c1ccc([N+](=O)[O-])cc1OCc1ccc(Br)cc1)S(C)(=O)=O,CHEMBL220793,6.48,active
CS(=O)(=O)Nc1ccc([N+](=O)[O-])cc1OCc1ccc(F)cc1,CHEMBL373427,6.24,active
N#Cc1cc(Cn2cncn2)cc(-c2ccccc2)c1,CHEMBL599455,7.53,active
C[C@]12CC[C@H]3[C@@H](CC=C4C(c5ccc(OS(N)(=O)=O)cc5)C(=O)CC[C@@]43C)[C@@H]1CCC2=O,CHEMBL3754538,6.0,active
COc1ccc(-c2cc3c(=O)cc(O)oc3cc2SCc2ccncc2)cc1,CHEMBL496375,6.66,active
COc1ccc2c(Cn3ccnc3)cc(=O)oc2c1,CHEMBL225472,6.55,active
CSCC[C@]12CCC(=O)C=C1CCC1C2=CC[C@]2(C)C(=O)CCC12,CHEMBL349704,7.92,active
C=C1C[C@H]2[C@@H]3CCC(=O)[C@@]3(C)CC[C@@H]2[C@]2(C)C1=CC(=O)C1O[C@@H]12,CHEMBL3407537,6.09,active
CC12CCC3C(Cc4c5c(nn4Cc4ccc([N+](=O)[O-])cc4)C(=O)CCC53C)C1CCC2=O,CHEMBL129883,6.31,active
N#Cc1ccc(Cn2ccnc2)c2oc3ccccc3c(=O)c12,CHEMBL421149,7.37,active
CN(c1ccc([N+](=O)[O-])cc1OCc1ccc([N+](=O)[O-])cc1)S(C)(=O)=O,CHEMBL376303,6.31,active
CN(c1ccc(NC(=O)c2ccc(-c3ccccc3)cc2)cc1OCc1ccccc1)S(C)(=O)=O,CHEMBL271794,6.92,active
CN(c1ccc([N+](=O)[O-])cc1OCCc1ccccc1)S(C)(=O)=O,CHEMBL436515,6.28,active
N#Cc1ccc(S(=O)(=O)NCc2ccc(CNS(=O)(=O)c3ccc(C#N)cc3)cc2)cc1,CHEMBL4527809,6.18,active
Oc1ccccc1-c1csc(-c2ncccn2)n1,CHEMBL4227385,9.38,active
N#Cc1ccc(S(=O)(=O)N2CCCC(Cn3ccnc3)C2)cc1,CHEMBL3806046,7.44,active
Nc1ccc(C23CC(C2)C(=O)N(C2CCCCC2)C3=O)cc1,CHEMBL27467,7.16,active
COc1ccc(-c2[nH]c3cc(F)ccc3c2Cn2ccnc2)cc1,CHEMBL4163704,7.44,active
O=c1cc(Cn2ccnc2)c2ccc(OCc3ccccc3)cc2o1,CHEMBL225499,6.82,active
O=c1cc(Cn2ccnc2)c2ccc(Oc3cc(F)cc(F)c3)cc2o1,CHEMBL1688910,7.16,active
C=CC[C@@H]1CC2=CCCC[C@]2(C)[C@H]2CC[C@]3(C)C(=O)CC[C@H]3[C@@H]21,CHEMBL3818338,6.12,active
O=c1cc(C(c2ccccc2)n2ccnc2)c2ccc(Oc3ccccc3)cc2o1,CHEMBL1688915,7.17,active
Fc1ccc(-c2[nH]c3cc4c(cc3c2Cn2ccnc2)OCO4)cc1,CHEMBL4161789,6.68,active
Clc1ccc(-c2[nH]c3cc(Cl)ccc3c2Cn2ccnc2)cc1,CHEMBL4164126,6.58,active
CSCSCC[C@]12CCC(=O)C=C1CCC1C2=CC[C@]2(C)C(=O)CCC12,CHEMBL353571,6.24,active
Nc1ccc(C2(C3CCCCC3)CCC(=O)NC2=O)cc1,CHEMBL70901,6.52,active
N#Cc1ccc(N(Cc2ccc(O)c(C#N)c2)n2cnnc2)cc1,CHEMBL226841,7.62,active
N#Cc1ccc(C(c2ccc(OS(N)(=O)=O)c(Cl)c2)n2cncn2)cc1,CHEMBL479551,7.92,active
O=c1c2ccccc2oc2c(Br)ccc(Cn3ccnc3)c12,CHEMBL78322,6.03,active
CC(=C(c1ccc(N)cc1)c1ccc(N)cc1)c1ccc(N)cc1,CHEMBL3916057,6.75,active
O=Cc1c(Cn2ccnc2)c2cc([N+](=O)[O-])ccc2n1Cc1ccccc1,CHEMBL496777,6.72,active
CCC1=C2CC(=O)C=CC2(C)C2CCC3(C)C(=O)CCC3C2C1,CHEMBL8498,6.6,active
O=c1cc(Cn2ccnc2)c2ccc(OCc3cccc(F)c3)cc2o1,CHEMBL1688891,6.95,active
CC12CCC3C(Cc4nn(Cc5ccc([N+](=O)[O-])cc5)c5c4C3(C)CCC5=O)C1CCC2=O,CHEMBL336383,6.18,active
O=c1cc(Cn2ccnc2)c2ccc(OCc3cccc(C(F)(F)F)c3)cc2o1,CHEMBL1688892,6.63,active
O=c1c2ccccc2oc2c(Cn3ccnc3)cc([N+](=O)[O-])cc12,CHEMBL1083663,7.28,active
O=c1c2ccccc2oc2cccc(Cn3ccnc3)c12,CHEMBL1083652,6.82,active
CCCCCCCN1C(=O)C2CC(c3ccc(N)cc3)(C2)C1=O,CHEMBL28173,7.31,active
Cc1cccc(COc2ccc3c(Cn4ccnc4)cc(=O)oc3c2)c1,CHEMBL1688893,6.94,active
N#Cc1ccc(N(Cc2ccc(OS(N)(=O)=O)cc2)n2cnnc2)cc1-c1ccccc1,CHEMBL1672976,9.68,active
C=C1C[C@@H]2[C@H](CC[C@]3(C)C(=O)CC[C@@H]23)[C@@]2(C)C=CC(=O)C=C12,CHEMBL1200374,7.3,active
N#Cc1ccc(N(Cc2ccc(O)c(Br)c2)n2cnnc2)cc1,CHEMBL388506,8.96,active
O=c1cc(Cn2ccnc2)c2ccc(Oc3cccc(F)c3)cc2o1,CHEMBL1688902,7.14,active
O=c1cc(Cn2ccnc2)c2ccc(Nc3ccccc3)cc2o1,CHEMBL1688912,6.98,active
O=c1cc(C(c2ccccc2)n2ccnc2)c2ccc(Oc3ccc(F)c(F)c3)cc2o1,CHEMBL1688916,6.5,active
CCn1ccc2c3c(Cn4ccnc4)cc(-c4ccccc4)nc3ccc21,CHEMBL2442760,8.51,active
CCn1ccc2c3nc(-c4ccccc4)cc(Cn4ccnc4)c3ccc21,CHEMBL2442758,8.28,active
N#Cc1ccc(N(Cc2ccc(O)c(Cl)c2)n2cnnc2)cc1,CHEMBL226789,8.6,active
C[C@]12CC[C@H]3C(Cc4[nH]nc5c4[C@]3(C)CCC5=O)[C@@H]1CC[C@@H]2O,CHEMBL3751984,6.63,active
COc1cc2c(cc1OC)/C(=C/c1ccncc1)CCC2,CHEMBL193858,7.05,active
O=C1C[C@@H](c2ccc(O)cc2)Oc2cc(O)cc(O)c21,CHEMBL9352,6.0,active
COc1ccc2c(=O)c(Cn3ccnc3)c(-c3ccccc3)oc2c1,CHEMBL158635,6.26,active
C[C@]12CC[C@H]3[C@@H](CC=C4CCCC[C@@]43C)[C@@H]1CCC2=O,CHEMBL2311169,6.18,active
N#Cc1ccc(N(Cc2ccc(Br)cc2)n2cnnc2)cc1,CHEMBL108425,9.4,active
COc1ccc(S(=O)(=O)Nc2cccc(NS(=O)(=O)c3ccc(OC)cc3)c2)cc1,CHEMBL4543747,6.28,active
N#Cc1ccc(N(Cc2ccc3c(Cl)c(OS(N)(=O)=O)ccc3c2)n2cnnc2)cc1,CHEMBL3622063,8.68,active
CS(=O)(=O)Nc1ccc([N+](=O)[O-])cc1OC1CCCC1,CHEMBL437497,6.06,active
Cc1ccc(C)c(COc2cc([N+](=O)[O-])ccc2NS(C)(=O)=O)c1,CHEMBL220886,6.43,active
CS(=O)(=O)Nc1ccc([N+](=O)[O-])cc1OCc1ccc(Cl)cc1,CHEMBL220774,6.54,active
CCN1CCc2cccc(C(c3ccc(F)cc3)n3ccnc3)c21,CHEMBL39403,7.21,active
CC(=O)O[C@@H]1CC2C3CCC(=O)C3(C)CCC2C2(C)CCCC=C12,CHEMBL304770,9.59,active
C[C@]12CC[C@H]3[C@@H]([C@H](Sc4ccccc4)C=C4CC(=O)CC[C@@]43C)[C@@H]1CCC2=O,CHEMBL3245349,6.19,active
CC1(C)C2CCC1(C)C(OC(=O)Cc1ccncc1)C2,CHEMBL102536,7.01,active
CCC(CC)Oc1cc([N+](=O)[O-])ccc1N(C)S(C)(=O)=O,CHEMBL202030,6.64,active
O=C1/C(=C\c2ccncc2)C(c2ccc(Cl)cc2)Cn2cccc21,CHEMBL9165,6.7,active
N#Cc1ccc(C(F)(c2ccc(C#N)cc2)n2cncn2)cc1,CHEMBL225550,7.21,active
Cc1oc2c(C#N)ccc(Cn3ccnc3)c2c1C,CHEMBL224391,7.74,active
COc1cc(-c2nc(-c3cccnc3)cs2)ccn1,CHEMBL1957217,7.64,active
COc1ccc(-c2c(SCc3ccncc3)oc3cc(OCc4ccccc4)ccc3c2=O)cc1,CHEMBL186079,6.28,active
Nc1ccc(C23CC2C(=O)N(CC2CCCCC2)C3=O)cc1,CHEMBL281947,7.92,active
O=C1CCc2cc(-c3cccnc3)cc(-c3ccccc3)c2N1,CHEMBL2165323,6.41,active
C[C@]12CC[C@H]3[C@@H](CCC4=CCCC[C@@]43C)[C@@H]1CCC2=O,CHEMBL1629804,6.89,active
CC(C)(O)C1Cc2c(ccc3c2O[C@H](c2ccc(O)cc2O)CC3=O)O1,CHEMBL457678,7.0,active
CN(C)S(=O)(=O)Oc1ccc(-c2cc(Cn3cncn3)ccc2C#N)cc1,CHEMBL596779,9.3,active
N#Cc1ccc(Cn2cncn2)c(-c2ccc(OS(N)(=O)=O)c(Cl)c2)c1,CHEMBL598212,8.72,active
C=CC[C@@H]1C=C2CC(=O)C=C[C@]2(C)[C@H]2CC[C@]3(C)C(=O)CC[C@H]3[C@H]12,CHEMBL3623223,6.33,active
N#Cc1cc(Cn2cncn2)ccc1-c1ccc(OS(N)(=O)=O)cc1,CHEMBL609618,6.55,active
O=c1c2ccccc2oc2c([N+](=O)[O-])ccc(Cn3ccnc3)c12,CHEMBL307160,6.01,active
CC(C)Oc1ccc(COc2ccc3c(Cn4ccnc4)cc(=O)oc3c2)cc1,CHEMBL3359955,6.23,active
COc1ccc(S(=O)(=O)N2CCCC(Cn3ccnc3)C2)cc1Br,CHEMBL3805814,8.22,active
N#Cc1ccc(Cn2cncn2)cc1-c1ccc(Cl)c(O)c1,CHEMBL599864,9.66,active
N#Cc1ccc(C(c2ccc(OS(N)(=O)=O)cc2)n2cncn2)cc1,CHEMBL479366,7.89,active
NS(=O)(=O)Oc1cccc(C(c2cccc(OS(N)(=O)=O)c2)n2cncn2)c1,CHEMBL479737,7.0,active
CS(=O)(=O)Nc1ccc([N+](=O)[O-])cc1OCCc1ccccc1,CHEMBL374651,6.64,active
CS(=O)(=O)Nc1ccc([N+](=O)[O-])cc1OCc1ccc(-c2ccccc2)cc1,CHEMBL426541,6.07,active
CCCOc1cc([N+](=O)[O-])ccc1N(C)S(C)(=O)=O,CHEMBL382482,6.12,active
CCC(CC)Oc1cc([N+](=O)[O-])ccc1NS(C)(=O)=O,CHEMBL202474,6.52,active
CN(c1ccc([N+](=O)[O-])cc1OC1CCCCC1)S(C)(=O)=O,CHEMBL204183,6.33,active
CN(c1ccc(NC(=O)c2ccc(Cl)c([N+](=O)[O-])c2)cc1OCc1ccccc1)S(C)(=O)=O,CHEMBL270915,6.16,active
CCCCCN1C(=O)C2CC(c3ccc(N)cc3)(C2)C1=O,CHEMBL27591,7.51,active
O=C1CC(c2cccc(O)c2)Oc2c1ccc1ccccc21,CHEMBL439241,6.21,active
C#CC[C@]12CCC(=O)C=C1CC[C@H]1[C@@H]3CCC(=O)[C@@]3(C)CC[C@@H]12,CHEMBL2105261,7.25,active
COc1ccc2c(c1)CCC/C2=C\c1ccncc1,CHEMBL175979,6.1,active
CCCCCCCCCOc1cc([N+](=O)[O-])ccc1NS(C)(=O)=O,CHEMBL202469,6.04,active
CN(c1ccc(NC(=O)c2ccc(Cl)c(Cl)c2)cc1OCc1ccccc1)S(C)(=O)=O,CHEMBL271129,6.16,active
Oc1ccc(C(c2ccc(O)c(Br)c2)n2cncn2)cc1Br,CHEMBL480451,8.0,active
N#Cc1ccc(N(Cc2ccc(O)c(C(F)(F)F)c2)n2cnnc2)cc1,CHEMBL226842,9.06,active
N#Cc1ccc(N(Cc2ccc(OS(N)(=O)=O)c(I)c2)n2cnnc2)cc1,CHEMBL390496,8.82,active
CC12CCC3C(Cc4nn(Cc5ccccc5)c5c4C3(C)CCC5=O)C1CCC2=O,CHEMBL133240,6.47,active
O=c1c(-c2ccccc2)c(-n2ccnc2)oc2cc(OCc3ccccc3)ccc12,CHEMBL363493,6.28,active
Cc1cccc(C(c2ccncc2)c2cc3c4c(c2)CCN4C(=O)CC3)c1,CHEMBL2312962,7.5,active
O=C1CCc2cc(C(c3ccncc3)c3cccc(F)c3)cc3c2N1CC3,CHEMBL2312958,7.13,active
O=c1c(C(c2ccc([N+](=O)[O-])cc2)n2ccnc2)coc2ccccc12,CHEMBL516643,8.64,active
CC(C)/C=C/Cc1c(O)cc(O)c2c1OC(c1ccc(O)cc1)CC2=O,CHEMBL1098426,6.7,active
CC1=CC[C@@H]2[C@H]1[C@H]1OC(=O)C(C)[C@@H]1CC[C@]2(C)O,CHEMBL1097371,8.7,active
O=c1c(O)c(-c2ccc(O)c(O)c2)oc2cc(O)cc(O)c12,CHEMBL50,7.92,active
COc1ccc(-c2coc3cc(O)cc(O)c3c2=O)cc1,CHEMBL131921,7.99,active
c1ccc(C2(n3ccnc3)c3ccccc3-c3ccccc32)cc1,CHEMBL223874,7.13,active
O=C1c2cccc(O)c2CCC1Cc1ccncc1,CHEMBL93828,6.7,active
Clc1ccc(C(c2cc3ccccc3o2)n2ccnc2)cc1,CHEMBL1097980,8.06,active
N#Cc1ccc(C(c2ccc3cc[nH]c3c2)n2ccnc2)cc1,CHEMBL469260,7.94,active
CC(C)CCC1(c2ccc(N)cc2)CCC(=O)NC1=O,CHEMBL29230,6.4,active
N#Cc1ccc(C(c2ccc3[nH]ccc3c2)n2ccnc2)cc1,CHEMBL205177,7.71,active
Cc1cccc(O)c1C(=O)c1c(O)cc(C(=O)O)cc1C=O,CHEMBL1097763,7.76,active
O=c1c(Cn2ccnc2)c(-c2ccc([N+](=O)[O-])cc2)oc2ccccc12,CHEMBL213588,7.35,active
COc1ccc2c(=O)c(Cn3ccnc3)c(-c3ccc([N+](=O)[O-])cc3)oc2c1,CHEMBL212168,6.33,active
COc1ccc(S(=O)(=O)NCCc2c(C(c3ccc(O)cc3)c3[nH]c4ccccc4c3CCNS(=O)(=O)c3ccc(OC)cc3)[nH]c3ccccc23)cc1,CHEMBL4173941,6.16,active
CCCCC[C@H]1CC2C3CCC(=O)C3(C)CCC2C2(C)CCCC=C12,CHEMBL305630,8.05,active
CS(=O)(=O)Nc1ccc([N+](=O)[O-])cc1OCc1ccccc1-c1ccccc1,CHEMBL223162,6.58,active
C[C@]12CC[C@H]3[C@@H](CC[C@H]4[C@@H]5O[C@@H]5CC[C@]34C)[C@@H]1CCC2=O,CHEMBL1629802,6.84,active
COc1ccc(Cc2cc3cc(OC)ccc3cc2-c2cccnc2)cc1,CHEMBL494713,7.42,active
COc1ccc(COc2cc([N+](=O)[O-])ccc2N(C)S(C)(=O)=O)cc1,CHEMBL224037,6.33,active
COc1cc(C(c2ccc(O)c(OC)c2)n2cncn2)ccc1O,CHEMBL480516,6.67,active
O=c1c(Cn2ccnc2)c(-c2ccccc2)oc2ccccc12,CHEMBL213587,7.15,active
O=c1c2ccccc2oc2c(Cn3ccnc3)ccc(Br)c12,CHEMBL421829,7.05,active
Cc1nc2ccc(Cl)c(-n3ccnc3)c2cc1CCn1ccnc1,CHEMBL495565,7.02,active
Oc1ccc(C(c2ccc(O)cc2)n2cncn2)cc1,CHEMBL480514,6.75,active
COc1ccc2cc(C(c3ccc(C(F)(F)F)cc3)n3cncn3)oc2c1,CHEMBL202065,6.89,active
C[C@H]1CC2C3CCC(=O)C3(C)CCC2C2(C)CCCC=C12,CHEMBL310735,10.43,active
O=S(=O)(N1CCN(c2ccc(OC[C@@H]3CO[C@@](Cn4ccnc4)(c4ccc(Cl)cc4Cl)O3)cc2)CC1)C(F)(F)F,CHEMBL3938615,6.1,active
Fc1ccc(CN(Cc2ccc(-c3ccccc3)cc2)n2ccnc2)cc1,CHEMBL491213,6.72,active
CN(c1ccc(NC(=O)c2ccc(C#N)cc2)cc1OCc1ccccc1)S(C)(=O)=O,CHEMBL409271,6.36,active
CS(=O)(=O)Nc1ccc([N+](=O)[O-])cc1OC1CCCCC1,CHEMBL7162,6.17,active
CC12CCCC=C1CCC1C2CCC2(C)C1CC[C@@H]2O,CHEMBL73279,9.44,active
CN(c1ccc([N+](=O)[O-])cc1OCC1CCCCC1)S(C)(=O)=O,CHEMBL204502,6.02,active
CCn1ccc2cc(C(c3ccc(F)cc3)n3ccnc3)ccc21,CHEMBL41761,7.39,active
C=CC[C@@H]1C=C2CC(=O)CC[C@]2(C)[C@H]2CC[C@]3(C)C(=O)CC[C@H]3[C@H]12,CHEMBL3818728,6.23,active
N#Cc1ccc(Oc2cccnc2)cc1Oc1cccnc1,CHEMBL1956179,6.52,active
CCCCC1=C2CC(=O)C=CC2(C)C2CCC3(C)C(=O)CCC3C2C1,CHEMBL8646,6.7,active
O=S(=O)(N1CCN(c2ccc(/C=C/c3cc(F)cc(-c4ccncc4)c3)cc2)CC1)C(F)(F)F,CHEMBL4128368,6.0,active
COc1ccc(-c2cc(Cn3ccnc3)c3ccc4[nH]ccc4c3n2)cc1,CHEMBL2442757,6.34,active
COc1ccc(-c2cc(CO)c3ccc4[nH]ccc4c3n2)cc1,CHEMBL2440145,6.04,active
COc1ccc2cc(C(c3ccc([N+](=O)[O-])cc3)n3cncn3)oc2c1,CHEMBL199334,6.22,active
CCCCCCCCN1C(=O)CC[C@](CC)(c2ccncc2)C1=O,CHEMBL88918,6.1,active
c1ccc(CC(Cc2ccc(-c3ccccc3)cc2)n2ccnc2)cc1,CHEMBL491222,6.02,active
Clc1ccc(CN(Cc2ccc(Cl)s2)n2ccnc2)c(Cl)c1,CHEMBL517347,6.5,active
N#Cc1cc(Cn2cncn2)cc(-c2ccc(F)cc2)c1,CHEMBL599456,7.72,active
O=c1c2cccnc2oc2c(Cn3ccnc3)ccc([N+](=O)[O-])c12,CHEMBL1083970,7.0,active
CN(C)S(=O)(=O)Oc1ccc(-c2cc(Cn3cncn3)ccc2C#N)cc1Cl,CHEMBL599238,8.62,active
N#Cc1ccc(N(Cc2ccc3c(Br)c(OS(N)(=O)=O)ccc3c2)n2cnnc2)cc1,CHEMBL3622064,9.6,active
NS(=O)(=O)Oc1ccc(-c2cccc(Cn3cncn3)c2)cc1Cl,CHEMBL598009,7.16,active
CCCC(C)C1(c2ccc(N)cc2)CCC(=O)NC1=O,CHEMBL29521,6.22,active
COc1ccc2c(c1)OC(c1ccccc1)/C(=C\c1ccncc1)C2=O,CHEMBL10137,6.21,active
CC(C)(C#N)c1cc(Cn2cncn2)cc(-c2ccc(OS(N)(=O)=O)c(Cl)c2)c1,CHEMBL604716,9.52,active
Clc1ccccc1C(c1ccccc1)(c1ccccc1)n1ccnc1,CHEMBL104,8.74,active
COc1ccc2c(c1)O[C@@H](c1ccccc1)C[C@@H]2n1ccnc1,CHEMBL4583456,7.04,active
N#Cc1ccc(N(Cc2ccc(OS(N)(=O)=O)cc2F)n2cnnc2)cc1,CHEMBL4465348,9.7,active
CSC(=O)C[C@]12CCC(=O)C=C1CCC1C3CCC(=O)[C@@]3(C)CCC12,CHEMBL164993,7.38,active
N#Cc1ccc(C(c2ccc(C#N)cc2)n2ccnn2)cc1,CHEMBL224789,8.1,active
N#Cc1ccc(C2CC(n3ccnc3)c3ccc4ccccc4c3O2)cc1,CHEMBL1783178,7.11,active
C[C@]12CC[C@H]3[C@@H](CCC4C(=O)C(O)CC[C@@]43C)[C@@H]1CCC2=O,CHEMBL1630280,6.17,active
CC1=C2CC(=O)C=CC2(C)C2CCC3(C)C(=O)CCC3C2C1,CHEMBL8315,6.28,active
COc1cc(C=Cc2ccc(N)cc2)cc(OC)c1OC,CHEMBL87477,6.05,active
COc1ccc([C@](O)(c2cccnc2)c2cc3ccc(OC)cc3o2)cc1,CHEMBL3084324,6.8,active
COc1ccc(-c2c(SCc3ccncc3)oc3cc(O)ccc3c2=O)cc1,CHEMBL187068,6.66,active
COc1ccc(-c2oc3ccccc3c(=O)c2Cn2ccnc2)cc1,CHEMBL212473,7.1,active
O=c1c2ccccc2oc2c(Cn3ccnc3)ccc([N+](=O)[O-])c12,CHEMBL159073,7.4,active
C[C@]12CCC3C(CC[C@H]4C=CCC[C@]34C)C1CCC2=O,CHEMBL194641,6.65,active
N#Cc1ccc(-c2oc3ccccc3c(=O)c2Cn2ccnc2)cc1,CHEMBL209731,7.16,active
CC(C)(C#N)c1cc(Cn2cncn2)cc(-c2ccc(O)cc2)c1,CHEMBL605418,8.22,active
CCn1ccc2cccc(C(c3cccc(Cl)c3)n3ccnc3)c21,CHEMBL287967,6.77,active
CS(=O)(=O)Nc1ccc([N+](=O)[O-])cc1OCc1ccc([N+](=O)[O-])cc1,CHEMBL223109,6.4,active
N#Cc1ccc(N(Cc2ccc(Br)c(O)c2)n2cnnc2)cc1,CHEMBL226947,9.3,active
N#Cc1ccc(N(Cc2ccc(Cl)c(OS(N)(=O)=O)c2)n2cnnc2)cc1,CHEMBL390077,9.04,active
COc1ccc(-n2c(Cn3ccnc3)cc3ccc(Cl)cc32)cc1,CHEMBL2336853,6.69,active
CCCCCCC1=C2CC(=O)C=CC2(C)C2CCC3(C)C(=O)CCC3C2C1,CHEMBL266350,7.12,active
O=c1c(-c2ccccc2)c(SCc2ccncc2)oc2cc(O)ccc12,CHEMBL184749,6.21,active
Clc1ccc(C(c2ccc3[nH]ccc3c2)n2ccnc2)cc1,CHEMBL204039,7.35,active
Cc1ccc2cc(Cn3ccnc3)n(-c3ccc(C#N)cc3)c2c1,CHEMBL2336865,7.57,active
N#Cc1ccc(N(Cc2ccc(F)c(O)c2)n2cnnc2)cc1,CHEMBL390079,9.22,active
N#Cc1ccc(N(Cc2ccc(O)cc2)n2cnnc2)cc1,CHEMBL388291,7.64,active
O=C1C[C@@H](c2ccccc2)Oc2cc(O)cc(O)c21,CHEMBL399910,6.05,active
Fc1ccc(CC(Cc2ccc(-c3ccccc3)cc2)n2ccnc2)c(F)c1,CHEMBL489360,6.58,active
N#Cc1ccc(N(Cc2ccc(OS(N)(=O)=O)cc2)n2cnnc2)cc1,CHEMBL430879,7.0,active
CCSCC[C@]12CCC(=O)C=C1CCC1C2=CC[C@]2(C)C(=O)CCC12,CHEMBL165218,6.06,active
CC12CCC3C(C[C@H](O)C4=CCCCC43C)C1CCC2=O,CHEMBL307643,9.72,active
C[C@@H]1CC2C(CCC3(C)C(O)CCC23)C2(C)CCCC=C12,CHEMBL73367,8.8,active
N#Cc1ccc(-c2cc(C#N)cc(Cn3cncn3)c2)cc1,CHEMBL609333,7.28,active
N#Cc1cc(Cn2cncn2)ccc1-c1ccc(O)cc1,CHEMBL607855,6.04,active
N#Cc1ccc(Cn2cncn2)c(-c2ccccc2)c1,CHEMBL589738,8.77,active
N#Cc1ccc(Cn2cncn2)c(-c2ccc(O)c(Cl)c2)c1,CHEMBL598223,9.1,active
N#Cc1ccc(N(Cc2ccc(Cl)c(O)c2)n2cnnc2)cc1,CHEMBL226946,9.74,active
Fc1ccccc1CN(Cc1ccc(-c2ccccc2)cc1)n1ccnc1,CHEMBL489986,6.34,active
Clc1ccccc1CN(Cc1ccc(-c2ccccc2)cc1)n1ccnc1,CHEMBL521591,6.52,active
C[C@]12CC[C@H]3[C@@H](CCC4=C(OC(=O)c5ccccc5)CCC[C@@]43C)[C@@H]1CCC2=O,CHEMBL1630263,6.19,active
COc1ccc2cc(C(c3ccc(C)cc3)n3cncn3)oc2c1,CHEMBL201831,7.0,active
Clc1ccc(COC(Cn2cccc2)c2ccc(Cl)cc2Cl)cc1,CHEMBL317581,7.52,active
Cc1cc(Cn2ccnc2)c2ccc3[nH]ccc3c2n1,CHEMBL2442759,8.22,active
C(=C(c1ccccc1)c1ccccc1)c1ccncc1,CHEMBL381194,7.0,active
N#Cc1ccc(N(Cc2ccc(OS(N)(=O)=O)c(C#N)c2)n2cnnc2)cc1,CHEMBL226737,7.57,active
COc1ccc2c(Cn3cncn3)c(-c3ccc(F)cc3)[nH]c2c1,CHEMBL4173231,6.62,active
CCCCCCCC1=C2CC(=O)C=CC2(C)C2CCC3(C)C(=O)CCC3C2C1,CHEMBL268918,7.22,active
COc1ccccc1CC(Cc1ccc(-c2ccccc2)cc1)n1ccnc1,CHEMBL521600,6.29,active
Oc1cc2c(cc1C(c1ccc(F)cc1)n1ccnc1)OCO2,CHEMBL513615,8.28,active
C[C@]12CC[C@H]3[C@@H](C[C@@H](O)C4=CCCC[C@@]43C)[C@@H]1CCC2=O,CHEMBL1630261,7.3,active
CCCC1=C2CC(=O)C=CC2(C)C2CCC3(C)C(=O)CCC3C2C1,CHEMBL8254,7.22,active
CC(=C(c1ccc(N)cc1)c1ccc(NCC(N)=O)cc1)c1ccc([N+](=O)[O-])cc1,CHEMBL3961033,6.19,active
CC[C@H]1CC2C(CCC3(C)C(O)CCC23)C2(C)CCCC=C12,CHEMBL74339,8.89,active
COc1cc(Cn2ccnc2)c2ccc(=O)oc2c1,CHEMBL375046,6.78,active
Fc1ccc(-n2c(Cn3ccnc3)cc3ccccc32)cc1,CHEMBL2336856,8.04,active
CC=C(c1ccc(N)cc1)C(c1ccc(O)cc1)c1ccc(O)cc1,CHEMBL3948254,8.06,active
COc1ccc(S(=O)(=O)N2CCCC(Cn3ccnc3)C2)cc1F,CHEMBL3805173,7.85,active
CC(=O)OC1CCC[C@]2(C)C1=CC[C@H]1[C@@H]3CCC(=O)[C@@]3(C)CC[C@@H]12,CHEMBL1630269,6.16,active
N#Cc1ccc(N(Cc2ccc(OS(N)(=O)=O)c(F)c2)n2cnnc2)cc1-c1ccccc1,CHEMBL1672977,9.82,active
N#Cc1ccc(-c2cc(N(Cc3ccc(OS(N)(=O)=O)cc3)n3cnnc3)ccc2C#N)cc1,CHEMBL1672982,9.12,active
O=c1c(Cn2ccnc2)c(-c2ccc(Br)cc2)oc2ccccc12,CHEMBL377766,6.36,active
CC1C[C@@]2(C)C(=CC1=O)CC[C@H]1[C@@H]3CCC(=O)[C@@]3(C)CC[C@@H]12,CHEMBL3752414,6.16,active
N#Cc1ccc(N(CCSc2ccc(OS(N)(=O)=O)cc2)n2cnnc2)cc1,CHEMBL3622056,9.38,active
CC(C)CN1C(=O)C2CC(c3ccc(N)cc3)(C2)C1=O,CHEMBL286506,7.21,active
CCn1cc(C(c2ccc(F)cc2)n2ccnc2)c2cc(Br)ccc21,CHEMBL111888,7.29,active
COc1c(C)cc(S(=O)(=O)N2CCCC(Cn3ccnc3)C2)cc1C,CHEMBL3806075,7.68,active
O=S(=O)(c1ccc2c(c1)OCCO2)N1CCCC(Cn2ccnc2)C1,CHEMBL3805211,7.89,active
COc1ccc(S(=O)(=O)N2CCCC(Cn3ccnc3)C2)c(C)c1C,CHEMBL3805820,7.23,active
Fc1ccc2c(c1)CC/C2=C\c1cccc2cnccc12,CHEMBL370530,6.14,active
Cn1cc(C(c2ccc(F)cc2)n2ccnc2)c2cc(Br)ccc21,CHEMBL111868,7.11,active
O=S(=O)(NCc1cccc(CNS(=O)(=O)c2ccc(C(F)(F)F)cc2)c1)c1ccc(C(F)(F)F)cc1,CHEMBL4556427,6.37,active
COc1cc(CN(c2ccc(C#N)cc2)n2cnnc2)cc(Cl)c1O,CHEMBL388507,9.29,active
COc1cc(/C=C2\Cc3ccccc3C2=O)ccc1OCCCn1ccnc1,CHEMBL2235950,6.26,active
N#Cc1ccc(Oc2cccnc2)c(Oc2cccc(Cl)c2)c1,CHEMBL1956180,6.64,active
O=C(NCc1ccccc1)OC(Cn1ccnc1)c1ccccc1,CHEMBL4858552,6.09,active
CC(C)=CCc1cc(-c2oc3cc(O)cc(O)c3c(=O)c2O)ccc1O,CHEMBL457679,7.0,active
O=c1c([C@H](c2ccc(Br)cc2)n2ccnc2)coc2ccccc12,CHEMBL376786,6.54,active
O=c1c2ccccc2oc2cc(Cn3ccnc3)ccc12,CHEMBL350922,6.41,active
COc1ccc(-c2coc(O)c2-c2ccc(OC)c(OC)c2)cc1,CHEMBL1096439,8.16,active
COc1ccc(-c2c(-c3cc(OC)c(OC)c(OC)c3)coc2O)cc1OC,CHEMBL1094331,7.86,active
O=C1OC[C@H](Cc2ccccc2)C1Cc1cccc(O)c1,CHEMBL1094154,8.22,active
CC(=C(c1ccc(O)cc1)c1ccc(O)cc1)c1ccc(N)cc1,CHEMBL3977491,6.64,active
O=[N+]([O-])c1ccc(Cn2ccnc2)c(Sc2ccccc2)c1,CHEMBL1085936,8.25,active
CC1=C2CC(=O)CCC2(C)C2CCC3(C)C(=O)CCC3C2C1,CHEMBL25588,6.46,active
CC(C)(C#N)c1cc(Cn2cncn2)cc(C(C)(C)C#N)c1,CHEMBL1399,8.1,active
Cc1cc(F)ccc1S(=O)(=O)N1CCCC(Cn2ccnc2)C1,CHEMBL3806185,7.32,active
CCCCCCCCC1(c2ccncc2)CCC(=O)NC1=O,CHEMBL38472,6.22,active
CC=C(c1ccc(N)cc1)C(c1ccc(N)cc1)c1ccc(N)cc1,CHEMBL3944017,7.87,active
CCC(=C(c1ccc(N)cc1)c1ccc(N)cc1)c1ccc([N+](=O)[O-])cc1,CHEMBL3905734,7.21,active
N#Cc1ccc(Cn2cncn2)cc1-c1ccc(OS(N)(=O)=O)c(Cl)c1,CHEMBL592131,9.3,active
N#Cc1ccc(N(Cc2ccc(Br)cc2)n2cnnc2)cc1-c1ccc(OS(N)(=O)=O)cc1,CHEMBL1672975,10.3,active
N#Cc1ccc(Cn2cncn2)cc1-c1ccc(OS(N)(=O)=O)cc1,CHEMBL598199,8.7,active
C[C@]12CC[C@H]3[C@@H](CC=C4[C@@H](O)CCC[C@@]43CO)[C@@H]1CCC2=O,CHEMBL1630274,7.51,active
COc1cc(O)c(C=O)c2c1[C@H](O)C[C@@H](c1ccccc1)O2,CHEMBL3134109,7.4,active
O=C1CC(c2ccc(O)cc2)Oc2c1ccc1ccccc21,CHEMBL256665,6.2,active
COc1c(C)c(O)c(C=O)c2c1[C@H](OC)C[C@@H](c1ccccc1)O2,CHEMBL3134114,6.82,active
O=c1cc(Cn2ccnc2)c2ccc(OCc3cccc(Cl)c3)cc2o1,CHEMBL1688890,6.89,active
CC(=O)OC1=C2CC[C@H]3[C@@H]4CCC(=O)[C@@]4(C)CC[C@@H]3[C@@]2(C)CCC1,CHEMBL1630264,6.18,active
CCCC#CCOC1=C2CC(=O)C=C[C@]2(C)[C@H]2CC[C@]3(C)C(=O)CC[C@H]3[C@@H]2C1,CHEMBL2179111,7.08,active
N#Cc1ccc(C(c2ccc(C#N)cc2)c2cncnc2)cc1,CHEMBL223452,6.54,active
N#Cc1ccc(Cn2ccnc2)c2occc(=O)c12,CHEMBL161230,6.62,active
COc1ccc2c(=O)c(-c3ccccc3)c(-n3ccnc3)oc2c1,CHEMBL192306,6.11,active
N#Cc1ccc(N(CCSc2ccc(O)c(Cl)c2)n2cnnc2)cc1,CHEMBL3622055,9.59,active
CC(C)(C)C1CCC(OC(=O)Cc2ccncc2)CC1,CHEMBL102884,6.51,active
N#Cc1ccc(C(c2ccc(C#N)cc2)n2ccnc2)cc1,CHEMBL29482,8.52,active
COc1ccc(-c2csc(-c3cccnc3)n2)cn1,CHEMBL1957223,6.23,active
N#Cc1ccc(C(c2ccc(OS(N)(=O)=O)c(Br)c2)n2cncn2)cc1,CHEMBL518761,8.52,active
CCC(=C(c1ccc(N)cc1)c1ccc(NCC(N)=O)cc1)c1ccc([N+](=O)[O-])cc1,CHEMBL3961452,6.54,active
O=C(O)c1cc(S(=O)(=O)N2CCCC(Cn3ccnc3)C2)ccc1O,CHEMBL3804849,6.47,active
NCCOc1ccc(C(=C(Cn2ccnc2)c2ccccc2)c2ccc(O)cc2)cc1,CHEMBL3422041,7.77,active
CC1=C[C@@]2(C)C(=C(Br)C[C@@H]3[C@@H]2CC[C@]2(C)C(=O)CC[C@@H]32)CC1=O,CHEMBL3753352,6.15,active
O=S(=O)(c1ccc2nsnc2c1)N1CCCC(Cn2ccnc2)C1,CHEMBL3805851,8.15,active
O=S(=O)(c1ccc(OC2CCCC2)c(F)c1)N1CCCC(Cn2ccnc2)C1,CHEMBL3805539,7.66,active
COc1ccc(S(=O)(=O)N2CCCC(Cn3ccnc3)C2)cc1C(C)(C)C,CHEMBL1784801,8.05,active
Cc1ccc(S(=O)(=O)Nc2ccc3cc[nH]c3c2)cc1,CHEMBL4516755,6.31,active
Cn1nnc2ccc(C(c3ccc(OS(N)(=O)=O)cc3)n3cncn3)cc21,CHEMBL3622363,7.54,active
N#Cc1ccc(N(CCn2ccc3cc(OS(N)(=O)=O)ccc32)n2cnnc2)cc1,CHEMBL3622065,8.57,active
N#Cc1ccc(C(c2ccc(O)c(Cl)c2)n2cncn2)cc1,CHEMBL479385,8.26,active
Cn1nnc2ccc(C(c3ccc(Cl)cc3)n3cncn3)cc21,CHEMBL100749,8.85,active
N#Cc1ccc([C@@H](c2ccc(OS(N)(=O)=O)c(Br)c2)n2cncn2)cc1,CHEMBL480321,7.84,active
C=C1C[C@@]2(C)C(=CC1=O)CC[C@H]1[C@@H]3CCC(=O)[C@@]3(C)CC[C@@H]12,CHEMBL3753307,6.26,active
C[C@]12CC[C@H]3[C@@H](CC=C4C(Oc5ccccc5)C(=O)CC[C@@]43C)[C@@H]1CCC2=O,CHEMBL484584,6.28,active
N#Cc1ccc(C2(c3ccc(C#N)cc3)CCCc3cncn32)cc1,CHEMBL285809,6.63,active
C[C@]12CC[C@H]3[C@@H](CC(=O)C4CC(=O)CC[C@@]43C)[C@@H]1CCC2=O,CHEMBL4520027,6.06,active
C[C@H]1C[C@H]2[C@@H]3CCC(=O)[C@@]3(C)CC[C@@H]2[C@@]2(C)CCC=C[C@H]12,CHEMBL4564333,6.25,active
C=CC[C@H]1C[C@H]2[C@@H]3CCC(=O)[C@@]3(C)CC[C@@H]2[C@@]2(C)CCCC=C12,CHEMBL4520056,6.68,active
N#Cc1cccc(CN(c2ccc([N+](=O)[O-])c(-c3ccccc3)c2)n2cnnc2)c1,CHEMBL4546916,7.14,active
N#Cc1ccc([C@H](c2coc3ccccc3c2=O)n2ccnc2)cc1,CHEMBL225079,6.96,active
O=c1c(-c2ccccc2)c(SCc2ccncc2)oc2cc(OCc3ccccc3)ccc12,CHEMBL188664,6.68,active
O=c1c(-c2ccc(O)cc2)c(SCc2ccncc2)oc2cc(O)ccc12,CHEMBL185950,6.55,active
N#Cc1ccc([C@H](c2ccc(OS(N)(=O)=O)c(Br)c2)n2cncn2)cc1,CHEMBL479559,8.49,active
CC(C)(C#N)c1cc(Cn2cncn2)cc(Sc2ccc(OS(N)(=O)=O)c(Cl)c2)c1,CHEMBL3622071,8.38,active
N#Cc1ccc(N(Cc2ccc(OS(N)(=O)=O)cc2F)n2ccnc2)cc1,CHEMBL3623232,9.7,active
N#Cc1ccc(N(CCc2coc3ccc(OS(N)(=O)=O)cc23)n2cnnc2)cc1,CHEMBL3622067,8.4,active
C#CCC1=C2CC(=O)CCC2(C)C2CCC3(C)C(=O)CCC3C2C1,CHEMBL113121,6.75,active
N#Cc1ccc(N(Cc2ccc(OS(N)(=O)=O)c(Br)c2)n2cnnc2)cc1,CHEMBL108483,9.09,active
Fc1ccc(-c2cc(-n3cccc3)c3ccccc3n2)cc1,CHEMBL3818279,6.1,active
C[C@]12CC[C@H]3[C@@H](CC=C4CC(=O)CC[C@@]43C)[C@@H]1CC(n1ccnc1)C2=O,CHEMBL3819184,6.75,active
O=c1c2ccccc2oc2c(OCC3CC3)ccc(Cn3ccnc3)c12,CHEMBL2333334,6.25,active
COc1cc2c(cc1OC)CN(S(=O)(=O)c1cccc(-n3cc(COc4ccc5ccc(=O)oc5c4)nn3)c1)CC2,CHEMBL3589965,6.7,active
Cc1ccc(C(C2Cc3ccccc3O2)n2cncn2)cc1,CHEMBL65328,6.23,active
CC(c1ccc(C#N)cc1)(c1ccc(C#N)cc1)n1cncn1,CHEMBL388187,7.36,active
CCn1cc(C(c2ccc(F)cc2)n2ccnc2)c2ccccc21,CHEMBL113637,7.24,active
CC(=O)c1ccc(S(=O)(=O)NCc2cccc(CNS(=O)(=O)c3ccc(C(C)=O)cc3)c2)cc1,CHEMBL4567479,6.55,active
CC(C)(C#N)c1cc(Cn2cncn2)cc(Sc2ccccc2)c1,CHEMBL3622069,8.64,active
N#CC1(c2cc(Cn3cncn3)cc(Sc3ccc(OS(N)(=O)=O)cc3)c2)CCC1,CHEMBL3622073,7.68,active
N#Cc1ccc(N(CCCSc2ccc(OS(N)(=O)=O)cc2)n2cnnc2)cc1,CHEMBL3622058,9.29,active
COc1ccc(-n2c(Cn3ccnc3)cc3ccc(OC)cc32)cc1,CHEMBL2336852,6.95,active
N#Cc1cccc(CN(c2ccc([N+](=O)[O-])c(Br)c2)n2cnnc2)c1,CHEMBL4568674,7.24,active
CCN(CC)c1ccc2cc(-c3cc4ccc(N(CC)CC)cc4oc3=O)c(=O)oc2c1,CHEMBL4070331,7.54,active
N#Cc1ccc([C@@H](c2coc3ccccc3c2=O)n2ccnc2)cc1,CHEMBL451201,6.2,active
N#Cc1ccc(N(Cc2cccc(O)c2)n2cnnc2)cc1,CHEMBL390078,8.55,active
N#Cc1ccc(N(CC2CCc3cc(OS(N)(=O)=O)ccc3C2)n2cnnc2)cc1,CHEMBL3622061,8.28,active
C#CCC1=C2CC(=O)CCC2C2CCC3(C)C(=O)CCC3C2C1,CHEMBL113739,6.73,active
NS(=O)(=O)Oc1ccc2c3c(c(=O)oc2c1)CCCCC3,CHEMBL286738,6.52,active
O=[N+]([O-])c1ccc(N(Cc2ccc(Cl)cc2)n2cnnc2)cc1Br,CHEMBL4574913,8.04,active
CCC(CCc1c[nH]cn1)=C(c1ccc(O)cc1)c1ccc(O)cc1,CHEMBL5074047,7.28,active
CC(C)(C#N)c1cc(/C=C/c2ccc(OS(N)(=O)=O)cc2)cc(Cn2cncn2)c1,CHEMBL3622077,7.59,active
N#Cc1ccc(N(Cc2ccc(OS(N)(=O)=O)c(Cl)c2)n2cnnc2)cc1,CHEMBL322322,8.64,active
c1ccc(C2CC(n3ccnc3)c3ccc4ccccc4c3O2)cc1,CHEMBL1783176,7.44,active
COc1ccc2c(c1)C(=N)C(Cc1ccncc1)C2=O,CHEMBL1997442,7.0,active
CC(C)(C)CN1C(=O)C2CC2(c2ccc(N)cc2)C1=O,CHEMBL368631,6.7,active
Oc1ccc2c(c1)OC(c1ccccc1)CC2n1cncn1,CHEMBL187185,6.37,active
CC1=C[C@@]2(C)C(=CC1=O)CC[C@@H]1[C@@H]2CC[C@]2(C)C(=O)CC[C@@H]12,CHEMBL3754183,6.24,active
C=CCC1=C2CC(=O)CC[C@]2(C)[C@H]2CC[C@]3(C)C(=O)CC[C@H]3[C@@H]2C1,CHEMBL4514728,6.98,active
C[C@H]1C[C@H]2[C@@H]3CCC(=O)[C@@]3(C)CC[C@@H]2[C@@]2(C)CCCC=C12,CHEMBL3751881,6.77,active
N#Cc1ccc(Cn2cncn2)cc1-c1ccccc1,CHEMBL592852,9.7,active
N#Cc1ccc(Cn2cncn2)cc1-c1ccc(O)c(Cl)c1,CHEMBL597808,9.82,active
N#Cc1ccc(Cn2cncn2)cc1-c1ccc(Cl)c(OS(N)(=O)=O)c1,CHEMBL599239,9.46,active
CC12CCC3C(C[C@@H](O)C4=CCCCC43C)C1CCC2=O,CHEMBL73993,10.3,active
C[C@@H]1C=C2CC(=O)CC[C@]2(C)[C@H]2CC[C@]3(C)C(=O)CC[C@H]3[C@H]12,CHEMBL487113,6.57,active
Cn1nnc2ccc([C@@H](c3ccc(Cl)cc3)n3cncn3)cc21,CHEMBL519436,8.86,active
Oc1ccc2c(c1)O[C@@H](c1ccccc1)C[C@@H]2n1ccnc1,CHEMBL4540847,7.39,active
Cc1cc(S(=O)(=O)N2CCCC(Cn3ccnc3)C2)ccc1F,CHEMBL3805310,7.62,active
NCCOc1ccc(C(=C(Cn2cnnc2)c2ccccc2)c2ccc(O)cc2)cc1,CHEMBL3422043,6.15,active
N#CCC(=C(c1ccc(O)cc1)c1ccc(OCCN)cc1)c1ccccc1,CHEMBL3422040,7.31,active
NCCOc1ccc(C(=C(CCCl)c2ccccc2)c2ccc(O)cc2)cc1,CHEMBL3422036,6.84,active
C=CSCC[C@]12CCC(=O)C=C1CCC1C2=CC[C@]2(C)C(=O)CCC12,CHEMBL164543,7.3,active
O=S(=O)(NCCCn1ccnc1)c1ccc2c(c1)OCCO2,CHEMBL1784789,6.92,active
COc1cc2c(cc1-c1cncn1CCCn1ccnc1C)OCCCO2,CHEMBL1784803,6.3,active
COc1ccc(S(=O)(=O)N2CCOC(Cn3ccnc3)C2)cc1,CHEMBL1784804,7.1,active
COc1ccc(S(=O)(=O)NCCCn2ccnc2)cc1C(C)(C)C,CHEMBL1784808,6.36,active
C[C@]12CC[C@H]3[C@@H](CCC4=CCCC[C@@]43CO)[C@@H]1CCC2=O,CHEMBL1629805,6.57,active
C[C@]12C=CC(=O)C=C1CC[C@@H]1[C@@H]2CC[C@]2(C)C(=O)C(n3ccnc3)C[C@@H]12,CHEMBL3818725,6.78,active
C[C@]12C=CC(=O)C=C1CC[C@@H]1[C@@H]2CC[C@]2(C)C(=O)CC[C@@H]12,CHEMBL1078534,6.28,active
O=S(=O)(c1ccc(F)cc1)N1CCCC(Cn2ccnc2)C1,CHEMBL3805048,7.29,active
COc1ccc(S(=O)(=O)N2CCCC(Cn3ccnc3)C2)cc1OC,CHEMBL3805149,7.38,active
O=[N+]([O-])c1ccc(S(=O)(=O)N2CCCC(Cn3ccnc3)C2)cc1C(F)(F)F,CHEMBL3805008,7.8,active
O=S(=O)(c1ccc(OC2CCCC2)cc1)N1CCCC(Cn2ccnc2)C1,CHEMBL3805733,7.85,active
CC=C1CC2C3CCC(=O)C3(C)CCC2C2(C)CCC(=O)C=C12,CHEMBL24410,6.5,active
CC(C)(C#N)c1cc(Cn2cncn2)cc(-c2ccccc2)c1,CHEMBL598224,9.3,active
N#Cc1cc(Cn2cncn2)cc(-c2ccc(O)c(Cl)c2)c1,CHEMBL598846,7.62,active
CCCCCN1C(=O)C2CC2(c2ccc(N)cc2)C1=O,CHEMBL26651,7.07,active
CC12CCC3C(Cc4c5c(nn4Cc4ccccc4)C(=O)CCC53C)C1CCC2=O,CHEMBL130546,6.61,active
c1ccc(-c2nnc3n2-c2ccc(-c4cccnc4)cc2CC3)cc1,CHEMBL3622434,7.68,active
CC(C)(C#N)c1cc(Cn2cncn2)cc(Oc2ccc(OS(N)(=O)=O)cc2)c1,CHEMBL3622076,8.26,active
CC(=O)[C@@]1(C)CC[C@H]2C(=CC=C3CC(=O)CC[C@@]32C)[C@@H]1CC#N,CHEMBL3621226,6.66,active
C[C@]12C=CC(=O)C=C1[C@@]1(CO1)C[C@@H]1[C@@H]2CC[C@]2(C)C(=O)CC[C@@H]12,CHEMBL3407536,6.14,active
C=C1C[C@@H]2[C@H](CC[C@]3(C)[C@@H](O)CC[C@@H]23)[C@@]2(C)C=CC(=O)C=C12,CHEMBL3407538,6.6,active
Cc1ccc(-n2c(Cn3ccnc3)cc3ccc(Cl)cc32)cc1,CHEMBL2336854,6.63,active
O=c1c([C@@H](c2ccc(Br)cc2)n2ccnc2)coc2ccccc12,CHEMBL522917,7.31,active
O=c1c([C@H](c2ccc([N+](=O)[O-])cc2)n2ccnc2)coc2ccccc12,CHEMBL525379,7.02,active
CC(C)Oc1ccc(Cn2ccnc2)c2c(=O)c3ccccc3oc12,CHEMBL2333331,6.4,active
COc1cc(O)c2c(c1C)O[C@H](c1ccccc1)CC2=O,CHEMBL3134115,6.22,active
COc1cc(COc2ccc3c(Cn4ccnc4)cc(=O)oc3c2)cc(OC)c1OC,CHEMBL3359958,6.46,active
O=c1cc(Cn2ccnc2)c2ccc(Oc3ccc(Cl)cc3)cc2o1,CHEMBL1688906,6.95,active
COc1ccc(CN2C(=O)C3CC(c4ccc(N)cc4)(C3)C2=O)cc1,CHEMBL28290,6.62,active
COc1ccc(S(=O)(=O)NCCCn2ccnc2)cc1C,CHEMBL1784807,7.21,active
O=C(Cc1ccc2c(c1)OCO2)N1CCOC(Cn2ccnc2)C1,CHEMBL1784812,7.33,active
CCn1c(C(c2ccc(F)cc2)n2ccnc2)c(C)c2cc(Br)ccc21,CHEMBL431859,6.62,active
CCCN1C(=O)C2CC(c3ccc(N)cc3)(C2)C1=O,CHEMBL27698,6.96,active
COc1cc(C=Cc2ccc(N)cc2)cc(OC)c1,CHEMBL324290,6.23,active
C[C@]12CC[C@H]3[C@@H](CC=C4CC(=O)C(F)C[C@@]43C)[C@@H]1CCC2=O,CHEMBL3623218,6.01,active
CC=C(c1ccc(O)cc1)C(c1ccc(O)cc1)c1ccc(OCCN)cc1,CHEMBL3422028,7.35,active
NCCOc1ccc(C(=C2CCc3ccccc32)c2ccc(O)cc2)cc1,CHEMBL3422045,6.31,active
O=[N+]([O-])c1ccc(Cc2ccncc2)c(OCCc2ccccc2)c1,CHEMBL3421786,6.8,active
COc1ccc(-n2c(Cn3ccnc3)cc3ccccc32)cc1,CHEMBL2336858,7.11,active
CN(c1ccc([N+](=O)[O-])cc1OCc1ccccc1-c1ccccc1)S(C)(=O)=O,CHEMBL223368,6.48,active
N#Cc1ccc(N(CCCCCSc2ccc(OS(N)(=O)=O)cc2)n2cnnc2)cc1,CHEMBL3622059,9.14,active
Cc1ccc2cc(Cn3ccnc3)n(-c3ccc(F)cc3)c2c1,CHEMBL2336864,7.25,active
Fc1ccc(-c2[nH]c3cc(F)ccc3c2Cn2ccnc2)cc1,CHEMBL4175438,7.29,active
CCn1ccc2cc(C(c3ccccc3)n3ccnc3)ccc21,CHEMBL112074,6.69,active
O=C1CCc2cc(C(c3ccncc3)C3CCCCC3)cc3c2N1CC3,CHEMBL2312952,7.13,active
O=C1CCc2cc(C(c3ccc(F)cc3)c3cccnc3)cc3c2N1CC3,CHEMBL2312972,6.85,active
C=CCSCC[C@]12CCC(=O)C=C1CCC1C2=CC[C@]2(C)C(=O)CCC12,CHEMBL351526,6.57,active
COc1cc2c(cc1OC)/C(=C/c1cccnc1)CCC2,CHEMBL366669,6.01,active
N#Cc1ccc(C(c2ccc(C#N)cc2)c2cccnc2)cc1,CHEMBL223554,7.23,active
Clc1cccc(C(c2ccc3[nH]cnc3c2)n2ccnc2)c1,CHEMBL389433,7.35,active
C[C@H]1CC2C(CCC3(C)C(O)CCC23)C2(C)CCCC=C12,CHEMBL70959,8.43,active
CC1CCC(C(C)C)C(OC(=O)Cc2ccncc2)C1,CHEMBL105298,6.62,active
CCn1c(C)c(C(c2ccc(F)cc2)n2ccnc2)c2ccccc21,CHEMBL1097043,7.5,active
O=c1cc(-c2ccccc2)oc2c1ccc1cccc(O)c12,CHEMBL1097042,7.7,active
COc1ccc(-c2coc(O)c2-c2ccc(OC)c(OC)c2)cc1OC,CHEMBL1098382,9.0,active
CSc1nc2ccccn2c(=N)c1S(=O)(=O)c1ccccc1,CHEMBL355905,6.07,active
Fc1ccc(-c2[nH]c3cc(Cl)ccc3c2Cn2ccnc2)cc1,CHEMBL4171996,7.49,active
Fc1ccc(-c2[nH]c3cc(Cl)ccc3c2Cn2cncn2)cc1,CHEMBL4161492,7.01,active
CC(=O)N1CCN(c2ccc(OC[C@H]3CO[C@](Cn4ccnc4)(c4ccc(Cl)cc4Cl)O3)cc2)CC1,CHEMBL75,6.02,active
O=c1c2ccccc2oc2c(Cl)ccc(Cn3ccnc3)c12,CHEMBL2333326,6.32,active
Oc1ccc2c(c1)OC(c1ccccc1)CC2n1ccnc1,CHEMBL95919,7.39,active
O=c1c2ccccc2oc2c(-c3ccccc3)ccc(Cn3ccnc3)c12,CHEMBL2333328,6.52,active
N#Cc1ccc(N(Cc2ccc(OS(N)(=O)=O)c(F)c2)n2cnnc2)cc1,CHEMBL108646,7.92,active
C[C@]12CCC(=O)C=C1CC[C@@H]1C2=CC[C@]2(C)C(=O)CC[C@@H]12,CHEMBL3799363,6.6,active
Cc1cc(C)c(S(=O)(=O)NCCCn2ccnc2)cc1C,CHEMBL1303900,6.76,active
C[C@]12CC[C@H]3[C@@H](C[C@H](O)C4=CCCC[C@@]43CO)[C@@H]1CCC2=O,CHEMBL1630266,6.0,active
Cc1ccc(-n2c(Cn3ccnc3)cc3ccc(C)cc32)cc1,CHEMBL2336862,6.79,active
COc1ccc2cc(Cn3ccnc3)n(-c3ccccc3)c2c1,CHEMBL2336847,8.21,active
Fc1ccc(C(C2Cc3ccccc3O2)n2cncn2)cc1,CHEMBL63297,6.72,active
C[C@]12CC[C@H]3[C@@H](CCC4C(=O)c5[nH]ncc5C[C@@]43C)[C@@H]1CC[C@@H]2O,CHEMBL3623215,6.29,active
O=c1cc(Cn2ccnc2)c2ccc(Oc3ccc(F)c(F)c3)cc2o1,CHEMBL1688911,7.33,active
O=c1cc(Cn2ccnc2)c2ccc(Oc3cccc(Cl)c3)cc2o1,CHEMBL1688903,7.14,active
C[C@]12CC[C@H]3[C@@H](CC=C4C(Sc5ccccc5)C(=O)CC[C@@]43C)[C@@H]1CCC2=O,CHEMBL3754241,6.72,active
CC(=O)OC1=C2[C@@H]3CCC(=O)[C@@]3(C)CC[C@@H]2[C@@]2(C)CCC(=O)CC2C1=N[NH+]=[N-],CHEMBL3753842,6.4,active
O=C1CCc2cc(C(c3ccncc3)c3ccc(F)cc3)cc3c2N1CC3,CHEMBL2312959,6.94,active
O=c1cc(Cn2ccnc2)c2ccc(OCc3cccc([N+](=O)[O-])c3)cc2o1,CHEMBL1688895,6.85,active
CO[C@H]1CC2C3CCC(=O)C3(C)CCC2C2(C)CCCC=C12,CHEMBL307581,9.92,active
CC(=O)[C@@]1(C)CC[C@H]2[C@@H](CC=C3CC(=O)CC[C@@]32C)[C@@H]1CC#N,CHEMBL3623208,6.38,active
NS(=O)(=O)Oc1ccc(-c2cccc(Cn3cncn3)c2)cc1,CHEMBL598629,6.56,active
CN(C)c1ccc(Oc2ccc3c(Cn4ccnc4)cc(=O)oc3c2)cc1,CHEMBL1688909,7.09,active
O=c1oc2cc(Oc3ccccc3)ccc2cc1C(c1ccccc1)n1ccnc1,CHEMBL1688919,6.5,active
Fc1ccc2c(c1)OC(c1ccccc1)CC2n1ccnc1,CHEMBL3623227,7.39,active
COc1ccc(COc2ccc3c(Cn4ccnc4)cc(=O)oc3c2)cc1,CHEMBL1688898,6.9,active
COc1ccc2c(c1)C1C(CC2)C1(C)c1ccncc1,CHEMBL66867,6.43,active
O=c1cc(Cn2ccnc2)c2ccc(OCc3ccc(F)c(F)c3)cc2o1,CHEMBL1688901,6.78,active
O=c1cc(Cn2ccnc2)c2ccc(OCCc3ccccc3)cc2o1,CHEMBL3359956,6.19,active
O=S(=O)(NCc1cccc(CNS(=O)(=O)c2ccc3ccccc3c2)c1)c1ccc2ccccc2c1,CHEMBL4462178,6.68,active
O=S(=O)(NCc1cccc(CNS(=O)(=O)c2ccc(Br)cc2)c1)c1ccc(Br)cc1,CHEMBL4590541,7.22,active
Clc1ccc(-c2[nH]c3cc4c(cc3c2Cn2cncn2)OCO4)cc1,CHEMBL4170868,6.17,active
O=C1CCc2cc(C(c3ccncc3)c3ccc(Cl)cc3)cc3c2N1CC3,CHEMBL2312961,7.26,active
N#Cc1ccc(Oc2cccnc2)cc1NCc1ccccc1,CHEMBL1956175,6.01,active
C=C(c1ccncc1)c1cc2c3c(c1)CCN3C(=O)CC2,CHEMBL2312949,6.25,active
O=c1cc(-c2ccccc2)oc2cc(O)cc(O)c12,CHEMBL117,6.3,active
Cn1nnc2ccc([C@H](c3ccc(Cl)cc3)n3cncn3)cc21,CHEMBL224060,7.36,active
N#Cc1ccc(C(c2ccc(O)cc2)n2cncn2)cc1,CHEMBL519937,8.14,active
COc1ccc2c(c1)C(=N)C(CC1=CCN=CC1)C2=O,CHEMBL1096024,8.46,active
CC(C)CCOc1ccc(Cn2ccnc2)c2c(=O)c3ccccc3oc12,CHEMBL2333332,6.08,active
N#Cc1ccc(N(CCSc2ccc(O)cc2)n2cnnc2)cc1,CHEMBL3622054,9.55,active
CC1(C)C[C@@]2(C)C(=CC1=O)CC[C@H]1[C@@H]3CCC(=O)[C@@]3(C)CC[C@@H]12,CHEMBL3753169,7.05,active
C#CCSCC[C@]12CCC(=O)C=C1CCC1C2=CC[C@]2(C)C(=O)CCC12,CHEMBL424162,6.0,active
N#Cc1ccc(C(c2cc3ccc(O)cc3o2)n2cncn2)cc1,CHEMBL202226,7.7,active
C[C@]12CC[C@H]3[C@@H](CC=C4[C@H](O)CCC[C@@]43C)[C@@H]1CCC2=O,CHEMBL3349856,6.07,active
C[C@]12C=CC(=O)C=C1C(CC[N+](=O)[O-])C[C@@H]1[C@@H]2CC[C@]2(C)C(=O)CC[C@@H]12,CHEMBL3751946,6.04,active
N#Cc1ccccc1CN(c1ccc([N+](=O)[O-])c(Br)c1)n1cnnc1,CHEMBL4564168,7.23,active
O=C1/C(=C\c2ccncc2)C(c2ccccc2)c2ccccc21,CHEMBL9179,6.1,active
O=[N+]([O-])c1cccc(CN(c2ccc([N+](=O)[O-])c(-c3ccccc3)c2)n2cnnc2)c1,CHEMBL4563511,7.71,active
O=C1/C(=C\c2cccnc2)C(c2ccc(Cl)cc2)Cn2cccc21,CHEMBL1098737,6.96,active
O=[N+]([O-])c1ccc(Cc2cccnc2)c(OCCc2ccccc2)c1,CHEMBL3421785,6.89,active
CS(=O)(=O)CS(=O)(=O)N1CCN(c2ccc(OC[C@@H]3CO[C@@](Cn4ccnc4)(c4ccc(Cl)cc4Cl)O3)cc2)CC1,CHEMBL3980889,6.0,active
Cc1cnccc1-c1nc(-c2cccnc2)cs1,CHEMBL1957218,7.11,active
COc1ccc2c(c1)OC(c1ccccc1)CC2n1ccnc1,CHEMBL95109,7.04,active
CCCCCCCCCCN1C(=O)C2CC(c3ccc(N)cc3)(C2)C1=O,CHEMBL27879,6.65,active
O=[N+]([O-])c1ccc(-c2cccnc2)c(OCCc2ccccc2)c1,CHEMBL3421766,7.12,active
N#Cc1ccc(-c2cccnc2)c(OCCc2ccccc2)c1,CHEMBL3421779,6.78,active
N#CC1(c2cc(Cn3cncn3)cc(Sc3ccc(OS(N)(=O)=O)cc3)c2)CC1,CHEMBL3622075,8.47,active
O=C(c1ccccc1)c1cc(Br)ccc1Cn1ccnc1,CHEMBL242454,6.4,active
CCn1cc(C(c2ccccc2)n2ccnc2)c2ccccc21,CHEMBL3623225,7.0,active
CC[C@@H]1CC2C3CCC(=O)C3(C)CCC2C2(C)CCCC=C12,CHEMBL307690,9.49,active
CC(C)(C#N)c1cc(Cn2cncn2)cc(Sc2ccc(OS(N)(=O)=O)cc2)c1,CHEMBL3622070,8.46,active
CCC[C@H]1CC2C3CCC(=O)C3(C)CCC2C2(C)CCCC=C12,CHEMBL304305,9.64,active
O=C(Cn1cncn1)NC(CCc1ccccc1)c1ccc2c(c1)OCCO2,CHEMBL1784793,6.0,active
CC(=O)c1ccc(Oc2ccc3c(Cn4ccnc4)cc(=O)oc3c2)cc1,CHEMBL1688908,6.53,active
N#Cc1ccc(N(Cc2ccc(OS(N)(=O)=O)c(Cl)c2)n2cnnc2)cc1-c1ccccc1,CHEMBL1672978,10.82,active
N#Cc1ccc(N(Cc2ccc(OS(N)(=O)=O)c(Br)c2)n2cnnc2)cc1-c1ccccc1,CHEMBL1672979,10.74,active
N#Cc1ccc(N(Cc2ccc(OS(N)(=O)=O)cc2)n2cnnc2)cc1-c1ccc(F)cc1,CHEMBL1672981,9.33,active
COc1c(C)c(O)c(C=O)c2c1[C@H](O)C[C@@H](c1ccccc1)O2,CHEMBL3134113,7.1,active
CCn1ccc2cccc(C(c3ccc(Br)cc3)n3ccnc3)c21,CHEMBL285193,7.16,active
COc1cccc2c1CCC(Cc1ccncc1)C2,CHEMBL23148,6.23,active
O=[N+]([O-])c1ccc(N(Cc2ccccc2)n2cnnc2)cc1-c1ccccc1,CHEMBL4592407,7.52,active
O=C1CCc2cc(C(c3ccncc3)c3cccc(Cl)c3)cc3c2N1CC3,CHEMBL2312960,7.72,active
COc1ccccc1C(c1ccncc1)c1cc2c3c(c1)CCN3C(=O)CC2,CHEMBL2312955,7.09,active
CC(C)C(c1ccncc1)c1cc2c3c(c1)CCN3C(=O)CC2,CHEMBL2312951,6.05,active
O=S(=O)(Cc1ccccc1)Nc1ccc2[nH]ccc2c1,CHEMBL4537791,6.8,active
CS(=O)(=O)c1ccc(S(=O)(=O)N2CCCC(Cn3ccnc3)C2)cc1,CHEMBL3805657,7.32,active
O=C(Cn1ccnc1)Nc1ccccc1Oc1ccc(F)cc1,CHEMBL1784798,6.61,active
O=c1c2ccccc2oc2c(I)ccc(Cn3ccnc3)c12,CHEMBL2333327,6.34,active
O=c1c2ccccc2oc2c(OC3CCCC3)ccc(Cn3ccnc3)c12,CHEMBL2333335,6.58,active
COc1ccc2cc(C(c3ccc(C#N)cc3)n3cncn3)oc2c1,CHEMBL197650,8.0,active
N#Cc1ccc(N(CCSc2ccc(OS(N)(=O)=O)c(Cl)c2)n2cnnc2)cc1,CHEMBL3622057,9.35,active
N#Cc1ccc(N(Cc2ccc3cc(OS(N)(=O)=O)ccc3c2)n2cnnc2)cc1,CHEMBL3622062,7.51,active
Fc1ccc(CC(Cc2ccc(-c3ccccc3)cc2)n2ccnc2)cc1,CHEMBL523813,6.96,active
O=c1cc(C(c2ccc(Cl)cc2)n2ccnc2)c2ccc(Oc3ccccc3)cc2o1,CHEMBL1688917,6.27,active
COc1ccc2c(c1)CCC(Cc1ccncc1)C2,CHEMBL23097,6.64,active
COc1ccc2c(c1)CCC/C2=C/c1ccncc1,CHEMBL193496,6.0,active
O=C(c1ccccc1)c1cc([N+](=O)[O-])ccc1Cn1ccnc1,CHEMBL243755,7.59,active
COc1ccc2c(c1)[C@H]1[C@@H](CC2)[C@@H]1c1ccncc1,CHEMBL223717,7.52,active
CC(C)CN1C(=O)C2CC2(c2ccc(N)cc2)C1=O,CHEMBL174308,6.7,active
COc1cc(Cl)c(S(=O)(=O)NCCCn2ccnc2)cc1Cl,CHEMBL1351273,7.2,active
Fc1ccc2c(Cn3cncn3)c(-c3ccc(Cl)cc3)[nH]c2c1,CHEMBL4165988,6.66,active
N#Cc1ccc(/C(=N\c2ccc(Br)cc2)n2ccnc2)cc1,CHEMBL31456,8.11,active
N#Cc1cc(Cn2cncn2)cc(-c2ccc(OS(N)(=O)=O)c(Cl)c2)c1,CHEMBL598628,7.1,active
N#Cc1ccc([C@H](c2ccc(O)c(Br)c2)n2cncn2)cc1,CHEMBL453736,9.22,active
N#Cc1ccc([C@@H](c2ccc(O)c(Br)c2)n2cncn2)cc1,CHEMBL500976,8.47,active
O=C1/C(=C\c2ccncc2)C(c2ccccc2)n2cccc21,CHEMBL3099735,6.19,active
O=[N+]([O-])c1cccc(Cl)c1Oc1cccc(S(=O)(=O)N2CCCC(Cn3ccnc3)C2)c1,CHEMBL3806301,8.05,active
COc1ccc(C(c2cc3ccc(OC)cc3o2)n2cncn2)cc1,CHEMBL379019,6.89,active
COc1ccc2cc(C(c3ccc(Cl)cc3)n3cncn3)oc2c1,CHEMBL382902,7.36,active
COc1ccc(C(O)(c2cccnc2)c2cc3ccc(OC)cc3o2)cc1,CHEMBL202020,6.8,active
CC(C)(C)c1ccc(CC(Cc2ccc(-c3ccccc3)cc2)n2ccnc2)cc1,CHEMBL491023,6.0,active
COc1ccc(S(=O)(=O)NCCc2c(C(c3ccccc3O)c3[nH]c4ccccc4c3CCNS(=O)(=O)c3ccc(OC)cc3)[nH]c3ccccc23)cc1,CHEMBL4161859,6.1,active
O=S(=O)(NCc1cccc(CNS(=O)(=O)c2ccc(Cl)cc2)c1)c1ccc(Cl)cc1,CHEMBL4460718,7.3,active
CN(c1ccc(NC(=O)C2CCCCC2)cc1OCc1ccccc1)S(C)(=O)=O,CHEMBL270917,6.6,active
CN(c1ccc([N+](=O)[O-])cc1OCc1ccccc1)S(C)(=O)=O,CHEMBL222250,6.09,active
N#Cc1ccc(N(Cc2ccc(C(F)(F)F)c(O)c2)n2cnnc2)cc1,CHEMBL226999,9.4,active
Fc1ccc(-n2cc(Cn3ccnc3)c3ccccc32)cc1,CHEMBL1094426,7.14,active
O=c1cc(-c2ccccc2)oc2cc(O)c(O)cc12,CHEMBL300814,8.06,active
CN(c1ccc([N+](=O)[O-])cc1OCc1ccc(-c2ccccc2)cc1)S(C)(=O)=O,CHEMBL373377,6.19,active
CCCCN1C(=O)C2CC2(c2ccc(N)cc2)C1=O,CHEMBL174909,7.4,active
Fc1ccc(-c2[nH]c3cc(F)ccc3c2Cn2cncn2)cc1,CHEMBL4176600,7.26,active
CSCC[C@]12CCC(=O)C=C1CCC1C3CCC(=O)[C@@]3(C)CCC12,CHEMBL350074,7.66,active
CCOC(=O)c1ccc(C2CCCc3cncn32)cc1,CHEMBL1203760,7.68,active
CCCCC1=C2CC(=O)CCC2(C)C2CCC3(C)C(=O)CCC3C2C1,CHEMBL24946,6.1,active
Cc1c(F)cncc1-c1nc2ccc(F)cn2c1C1CC1,CHEMBL3924257,6.38,active
CCOc1cc2c(cc1-c1cccnc1)CCC(=O)N2,CHEMBL2165316,6.31,active
COc1cc(C(=O)N(C)C)cc(C=O)c1C(=O)c1c(C)cccc1O,CHEMBL1094149,7.76,active
Clc1ccc(COC(Cn2ccnc2)c2ccc(Cl)cc2Cl)c(Cl)c1,CHEMBL91,6.22,active
COc1ccc(C(c2ccncc2)c2cc3c4c(c2)CCN4C(=O)CC3)cc1,CHEMBL2312957,6.91,active
Nc1ccc(C(=Cn2cncn2)C(c2ccc(O)cc2)c2ccc(O)cc2)cc1,CHEMBL4750835,6.98,active
COc1ccc2c(-c3ccccc3)c(Cn3ccnc3)c(=O)oc2c1,CHEMBL224787,6.97,active
COc1ccc(C(Cn2ccnc2)Sc2ccc(Cl)c(Cl)c2)cc1,CHEMBL459502,7.6,active
O=c1cc(Cn2ccnc2)c2ccc(OCc3ccc(Cl)cc3)cc2o1,CHEMBL1688897,6.75,active
CCCCCC1=C2CC(=O)C=CC2(C)C2CCC3(C)C(=O)CCC3C2C1,CHEMBL440832,7.27,active
CCn1cc(C(c2ccccc2)n2ccnc2)c2cc(Br)ccc21,CHEMBL1094428,6.99,active
c1cnc(-c2nc(-c3nc4ccccc4s3)cs2)nc1,CHEMBL4228244,6.0,active
Cc1ccc(C(=O)NCCCn2ccnc2)cc1[N+](=O)[O-],CHEMBL1521315,6.0,active
Nc1ccc(C23CC(C2)C(=O)N(CC2CCCCC2)C3=O)cc1,CHEMBL27546,7.01,active
c1ccc(-c2cc(Cn3ccnc3)c3ccc4[nH]ccc4c3n2)cc1,CHEMBL2442756,7.94,active
C[C@]12CC[C@H]3[C@@H](CC=C4[C@@H](O)CCC[C@]43C)[C@@H]1CCC2=O,CHEMBL1630268,6.55,active
COC(=O)[C@]1(c2ccc(C#N)cc2Cl)CCc2cncn21,CHEMBL3099686,7.3,active
Cc1ccc(S(=O)(=O)NCc2cccc(CNS(=O)(=O)c3ccc(C)cc3)c2)cc1,CHEMBL4449929,6.89,active
CC(C)(C#N)c1cc(Cn2cncn2)cc(-c2ccc(OS(N)(=O)=O)cc2)c1,CHEMBL597403,7.76,active
O=[N+]([O-])c1ccc(Cn2ccnc2)c(Oc2ccccc2)c1,CHEMBL1083653,7.94,active
COc1ccc(C=Cc2ccc(N)cc2)c(OC)c1,CHEMBL1170662,6.12,active
COc1ccc(C(c2ccc(OC)c(O)c2)n2cncn2)cc1O,CHEMBL480515,6.77,active
c1ccc(Oc2ccccc2Cn2ccnc2)cc1,CHEMBL1082760,6.41,active
C[C@]12CC[C@H]3[C@@H](CC[C@H]4C=CCC[C@@]43C)[C@@H]1CCC2=O,CHEMBL1629800,6.65,active
N#Cc1ccc(N(CCCS(=O)(=O)c2ccc(O)cc2)n2cnnc2)cc1,CHEMBL3622060,7.82,active
O=[N+]([O-])c1ccc(-c2cccnc2)c(OCc2ccccc2)c1,CHEMBL3421765,6.84,active
Fc1ccc(C(c2ccc3[nH]ccc3c2)n2ccnc2)cc1,CHEMBL203981,7.58,active
O=c1c2ccccc2[nH]c2c(Cn3ccnc3)cccc12,CHEMBL3219070,7.84,active
C/C(=C\Cc1c(O)ccc(C(=O)C=Cc2ccc(O)cc2O)c1O)COC(=O)C=Cc1ccc(O)cc1,CHEMBL514745,6.3,active
CCN1CCc2cc(Br)cc(C(c3ccc(F)cc3)n3ccnc3)c21,CHEMBL287950,7.05,active
Clc1ccc(C(C2Cc3ccccc3O2)n2cncn2)c(Cl)c1,CHEMBL304788,6.06,active
CC(C)=CCc1cc(C2CC(=O)c3c(O)cc(O)cc3O2)ccc1O,CHEMBL457680,6.4,active
Oc1cc2c(cc1C(c1ccc3c(c1)OCO3)n1ccnc1)OCO2,CHEMBL459503,7.6,active
c1ccc(-n2c(Cn3ccnc3)cc3ccccc32)cc1,CHEMBL2336860,7.78,active
COc1ccc2cc(Cn3ccnc3)n(-c3ccc(C)cc3)c2c1,CHEMBL2336851,7.24,active
COc1ccc2cc(Cn3ccnc3)n(-c3ccc(F)cc3)c2c1,CHEMBL2336848,7.31,active
C[C@]12CC=C3[C@@H](CC=C4CC(=O)CC[C@@]43CCSCF)[C@@H]1CCC2=O,CHEMBL3753104,7.3,active
C[C@]12C=C(CCCc3ccccc3)C(=O)C=C1CC[C@@H]1[C@@H]2CC[C@]2(C)C(=O)CC[C@@H]12,CHEMBL3753611,6.85,active
C[C@]12CC[C@H]3C(Cc4nn(Cc5ccccc5)c5c4[C@]3(C)CCC5=O)[C@@H]1CC[C@@H]2O,CHEMBL3751913,6.61,active
N#Cc1ccc(C(c2ccc3cc[nH]c3c2)n2cncn2)cc1,CHEMBL512994,7.03,active
C[C@]12CC[C@H]3[C@@H](CC=C4C(SCCl)C(=O)CC[C@@]43C)[C@@H]1CCC2=O,CHEMBL3754724,6.03,active
C[C@]12CC[C@H]3[C@@H](CC=C4C(Sc5ccccc5)C(=O)CC[C@@]43C)[C@@H]1C[C@H](C#N)[C@@H]2O,CHEMBL3623217,6.77,active
N#Cc1ccc(N(Cc2ccc(O)c(I)c2)n2cnnc2)cc1,CHEMBL226790,9.48,active
O=C(c1ccccc1)c1cc(Cn2ccnc2)ccc1[N+](=O)[O-],CHEMBL388930,7.51,active
N#Cc1ccc(C(=C2CCCCC2)n2cncn2)cc1,CHEMBL223555,7.02,active
O=C(c1ccccc1)c1ccc(Cn2ccnc2)cc1,CHEMBL223176,7.32,active
C[C@]12CC[C@H]3[C@@H](CCC4=C[C@@H](O)CC[C@@]43C)[C@@H]1CCC2=O,CHEMBL1077603,6.85,active
CC12CCC3C(Cc4c5c(nn4C/C=C/c4ccccc4)C(=O)CCC53C)C1CCC2=O,CHEMBL422610,6.02,active
CC(C)C(=C(c1ccc(O)cc1)c1ccc(OCCN)cc1)c1ccccc1,CHEMBL3422038,6.48,active
C[C@]12CC[C@H]3[C@@H](CC[C@]45O[C@H]4CCC[C@]35C)[C@@H]1CCC2=O,CHEMBL3800417,6.28,active
O=c1cc(Cn2ccnc2)c2ccc(OCc3ccc([N+](=O)[O-])cc3)cc2o1,CHEMBL3359953,6.41,active
COc1ccc(CN(c2ccc(C#N)cc2)n2cnnc2)cc1O,CHEMBL388093,8.92,active
COc1cc(CN(c2ccc(C#N)cc2)n2cnnc2)cc(Cl)c1OS(N)(=O)=O,CHEMBL390717,8.54,active
O=C1CCc2cc(C(O)(c3ccccc3)c3ccncc3)cc3c2N1CC3,CHEMBL2312953,6.98,active
C[C@]12CC[C@H]3[C@@H](CC=C4CCCC[C@]43C)[C@@H]1CCC2=O,CHEMBL1630910,6.18,active
COc1ccc2c(c1)C(=O)C(c1ccccc1)CO2,CHEMBL2011180,6.58,active
CO[C@@H]1CC2C3CCC(=O)C3(C)CCC2C2(C)CCCC=C12,CHEMBL308537,9.89,active
Clc1ccc(CC(Cc2ccccc2)n2ccnc2)s1,CHEMBL518586,6.06,active
O=c1c(-c2ccccc2)c(SCc2ccncc2)oc2cc(OCc3ccc(-c4ccccc4)cc3)ccc12,CHEMBL1094427,7.07,active
CC[C@H]1CC2C3CCC(=O)C3(C)CCC2C2(C)CCCC=C12,CHEMBL70436,9.96,active
COc1cccc(C(c2ccncc2)c2cc3c4c(c2)CCN4C(=O)CC3)c1,CHEMBL2312956,7.23,active
C[C@]12CC=C3C(CC=C4CC(=O)CC[C@@]43CCSc3ccccc3)C1CCC2=O,CHEMBL349963,6.4,active
Cn1c(=O)sc2cc(C(c3ccccc3)n3ccnc3)ccc21,CHEMBL1097041,7.89,active
O=C1c2ccc(Oc3ccccc3)cc2OC(SCc2cccnc2)C1c1ccccc1,CHEMBL1096744,6.68,active
CC12CCC3C(Cc4[nH]nc5c4C3(C)CCC5=O)C1CCC2=O,CHEMBL132563,6.63,active
CC12CCC3C(Cc4nn(C/C=C/c5ccccc5)c5c4C3(C)CCC5=O)C1CCC2=O,CHEMBL131414,6.1,active
CC(=O)O[C@H]1CCC[C@@]2(C)C1=CC[C@H]1[C@@H]3CCC(=O)[C@@]3(C)CC[C@@H]12,CHEMBL2112739,6.0,active
O=S(=O)(Nc1cccc(NS(=O)(=O)c2ccc(Cl)cc2)c1)c1ccc(Cl)cc1,CHEMBL4446561,6.11,active
N#Cc1ccc(S(=O)(=O)NCc2cccc(CNS(=O)(=O)c3ccc(C#N)cc3)c2)cc1,CHEMBL4444996,6.8,active
O=[N+]([O-])c1ccc(NC(=S)NCc2cccc(CNC(=S)Nc3ccc([N+](=O)[O-])cc3)c2)cc1,CHEMBL2299368,6.1,active
CCC[C@H]1CC2C(CCC3(C)C(O)CCC23)C2(C)CCCC=C12,CHEMBL69891,7.85,active
O=[N+]([O-])c1ccc(N(Cc2ccc(C(F)(F)F)cc2)n2cnnc2)cc1-c1ccccc1,CHEMBL4560281,7.84,active
O=[N+]([O-])c1ccc(N(Cc2cccc(C(F)(F)F)c2)n2cnnc2)cc1-c1ccccc1,CHEMBL4556775,7.76,active
O=[N+]([O-])c1ccc(Nn2cnnc2)cc1Br,CHEMBL4547558,7.04,active
O=[N+]([O-])c1ccc(N(Cc2ccccc2)n2cnnc2)cc1Br,CHEMBL4536893,7.4,active
N#Cc1ccc(Cn2cc(Cn3ccnc3)c3ccccc32)cc1,CHEMBL324326,7.3,active
C[C@]12CC=C3C(CC=C4C(SCCl)C(=O)CC[C@@]43C)C1CCC2=O,CHEMBL442542,6.07,active
O=S(=O)(c1cccc2nsnc12)N1CCCC(Cn2ccnc2)C1,CHEMBL3806151,7.27,active
COc1cc(O)c(C=O)c2c1[C@H](OC)C[C@@H](c1ccccc1)O2,CHEMBL3134112,7.05,active
COc1ccc2cc(Cn3ccnc3)n(-c3ccc(C#N)cc3)c2c1,CHEMBL2336850,7.33,active
C[C@]12C=CC(=O)C=C1C(OCC#CCO)C[C@@H]1[C@@H]2CC[C@]2(C)C(=O)CC[C@@H]12,CHEMBL2179114,7.7,active
FC(F)(F)c1ccc(-n2c(Cn3ccnc3)cc3ccccc32)cc1,CHEMBL2336859,8.31,active
COc1ccc2cc(Cn3ccnc3)n(-c3ccc(C(F)(F)F)cc3)c2c1,CHEMBL2336849,7.59,active
Fc1ccc2c(Cn3ccnc3)c(-c3ccc(Cl)cc3)[nH]c2c1,CHEMBL4167569,7.08,active
COc1ccc2c(Cn3ccnc3)c(-c3ccc(F)cc3)[nH]c2c1,CHEMBL4160335,6.96,active
COc1ccc(-c2[nH]c3cc(F)ccc3c2Cn2cncn2)cc1,CHEMBL4169808,7.85,active
COc1ccc(-c2[nH]c3cc(Cl)ccc3c2Cn2cncn2)cc1,CHEMBL4159159,6.71,active
NCCOc1ccc(C(=C(Cn2cncn2)c2ccccc2)c2ccc(O)cc2)cc1,CHEMBL3422042,6.76,active
O=C1CCc2cc(-c3cccnc3)cc(-c3cccnc3)c2N1,CHEMBL2165324,6.02,active
O=C1CCc2cc(-c3cccnc3)c(OC3CCCC3)cc2N1,CHEMBL2165318,6.79,active
COc1cc2c(cc1-c1cccnc1)CCC(=O)N2,CHEMBL2165314,6.35,active
O=C1CCc2cc(C(c3ccncc3)c3cc(C(F)(F)F)cc(C(F)(F)F)c3)cc3c2N1CC3,CHEMBL2312963,6.61,active
COc1ccc2c(Cl)c(-c3cccnc3)ccc2c1Cl,CHEMBL381014,6.01,active
CC=C(c1ccc(O)cc1)C(c1ccc(O)cc1)c1ccc(CCCN)cc1,CHEMBL3422052,6.31,active
Nc1ccc(-c2cccnc2)c(OCc2ccccc2)c1,CHEMBL3421764,6.35,active
CC(Cc1ccc(O)c(O)c1)C(C)Cc1ccc(O)c(O)c1,CHEMBL52,7.96,active
O=C1OC[C@H](Cc2ccc(O)c(O)c2)C1Cc1ccc(O)c(O)c1,CHEMBL369471,8.22,active
CC1=C2CC(=O)CC[C@]2(C)[C@H]2CC[C@]3(C)C(=O)CC[C@H]3[C@@H]2C1,CHEMBL3754471,7.22,active
C[C@H]1C[C@H]2[C@@H]3CCC(=O)[C@@]3(C)CC[C@@H]2[C@@]2(C)CC[C@H]3O[C@H]3[C@H]12,CHEMBL4460869,6.76,active
N#Cc1ccc(N(Cc2ccccc2)n2cnnc2)cc1-c1ccc(OS(N)(=O)=O)cc1,CHEMBL1672974,10.0,active
O=c1c2ccccc2sc2c(Cn3ccnc3)ccc([N+](=O)[O-])c12,CHEMBL1083665,7.78,active
CCc1c(F)cncc1-c1nc2ccc(F)cn2c1C1CC1,CHEMBL3919759,6.92,active
N#Cc1ccc(C(c2ccc(C#N)cc2)n2ncnn2)cc1,CHEMBL224790,8.24,active
Oc1ccc(-c2nc(-c3ccc(Cl)cc3)c(-c3cccnc3)[nH]2)cc1,CHEMBL509750,7.32,active
O=C1/C(=C/c2ccncc2)C(c2ccccc2)Oc2ccccc21,CHEMBL10026,6.1,active
NS(=O)(=O)Oc1ccc(C(c2ccc(OS(N)(=O)=O)c(Br)c2)n2cncn2)cc1Br,CHEMBL479928,7.37,active
N#Cc1ccc(C(CCc2ccc(OS(N)(=O)=O)c(Br)c2)n2cncn2)cc1,CHEMBL3623231,10.0,active
Fc1ccc(C(c2cc3ccccc3o2)n2cncn2)cc1,CHEMBL3623226,6.72,active
O=c1cc(-c2ccc(O)cc2)oc2cc(O)ccc12,CHEMBL294878,8.7,active
CCC(=C(c1ccc(N)cc1)c1ccc(OCCN)cc1)c1ccccc1,CHEMBL3422032,7.28,active
CCCC(=C(c1ccc(O)cc1)c1ccc(OCCN)cc1)c1ccccc1,CHEMBL3422037,6.58,active
C[C@]12CC[C@H]3[C@@H](CC=C4[C@H](O)CCC[C@]43C)[C@@H]1CCC2=O,CHEMBL1630272,6.07,active
O=C(Cc1ccncc1)OC12CC3CC(CC(C3)C1)C2,CHEMBL104047,7.05,active
CC(=O)O[C@H]1CC2C3CCC(=O)C3(C)CCC2C2(C)CCCC=C12,CHEMBL72228,9.8,active
Clc1ccccc1Cn1cc(Cn2ccnc2)c2ccccc21,CHEMBL112021,7.27,active
Cn1ccc2cc(C(c3ccc(Cl)cc3)n3ccnc3)ccc21,CHEMBL382679,7.62,active
COc1cc(/C=C(\Cn2ccnc2)c2ccc([N+](=O)[O-])cc2)cc(OC)c1,CHEMBL1170678,7.16,active
CN(c1ccc([N+](=O)[O-])cc1OC1CCCC1)S(C)(=O)=O,CHEMBL202473,6.36,active
COc1cccc(C=Cc2ccc(N)cc2)c1OC,CHEMBL1173700,6.01,active
COc1ccc(CCc2ccc(N)cc2)cc1OC,CHEMBL1171680,6.17,active
CC1C(OC(=O)Cc2ccncc2)CC2CC1C2(C)C,CHEMBL319026,6.92,active
CC(=O)O[C@@H]1CCC[C@@]2(C)C1=CC[C@H]1[C@@H]3CCC(=O)[C@@]3(C)CC[C@@H]12,CHEMBL2111917,6.16,active
Nc1cccc(C(Cn2ccnc2)=C(c2ccc(O)cc2)c2ccc(O)cc2)c1,CHEMBL4761359,6.36,active
O=C1/C(=C/c2cccc(OCCCn3ccnc3)c2)Cc2ccccc21,CHEMBL2235953,6.16,active
O=S(=O)(c1ccc(F)c(F)c1F)N1CCCC(Cn2ccnc2)C1,CHEMBL3805839,7.34,active
CC(C)(C#N)c1cc(Cn2cncn2)cc(-c2ccc(O)c(Cl)c2)c1,CHEMBL597416,10.0,active
N#Cc1cc(Cn2cncn2)ccc1-c1ccc(O)c(Cl)c1,CHEMBL598020,6.42,active
N#Cc1cc(Cn2cncn2)cc(-c2ccc(O)cc2)c1,CHEMBL601840,6.95,active
N#Cc1cc(Cn2cncn2)ccc1-c1ccccc1,CHEMBL608153,8.34,active
N#Cc1ccc(-c2ccc(OS(N)(=O)=O)c(Cl)c2)cc1Cn1cncn1,CHEMBL599442,6.84,active
N#Cc1cc(Cn2cncn2)cc(-c2ccc(OS(N)(=O)=O)cc2)c1,CHEMBL598627,6.55,active
Fc1ccc(CN(Cc2ccc(-c3ccccc3)cc2)n2ccnc2)c(F)c1,CHEMBL491824,6.46,active
N#Cc1ccc(N(Cc2c(F)c(F)c(O)c(F)c2F)n2cnnc2)cc1,CHEMBL226891,6.8,active
COc1cc([N+](=O)[O-])ccc1S(=O)(=O)N1CCCC(Cn2ccnc2)C1,CHEMBL3804993,6.89,active
COc1ccc(COc2ccc3c(Cn4ccnc4)cc(=O)oc3c2)cc1OC,CHEMBL3359957,6.35,active
N#Cc1ccc(-c2cccc(O)c2)cc1Cn1cncn1,CHEMBL589247,7.84,active
O=S(=O)(c1ccc(F)c(Cl)c1)N1CCCC(Cn2ccnc2)C1,CHEMBL3805481,7.85,active
COc1cc(C=C(Cn2ccnc2)c2ccc(N)cc2)cc(OC)c1,CHEMBL1170893,7.44,active
CCC1=C2CC(=O)CCC2(C)C2CCC3(C)C(=O)CCC3C2C1,CHEMBL24021,6.58,active
N#Cc1ccc(S(=O)(=O)N2CCCC(Cn3ccnc3)C2)c(Cl)c1,CHEMBL3806282,7.1,active
CC(=O)OC1CCC[C@@]2(C)C1=CC[C@H]1[C@@H]3CCC(=O)[C@@]3(C)CC[C@@H]12,CHEMBL1630270,6.0,active
N#Cc1ccc(C(c2ccc(O)c(Br)c2)n2cncn2)cc1,CHEMBL481091,8.74,active
O=[N+]([O-])c1cccc(CN(c2ccc([N+](=O)[O-])c(Br)c2)n2cnnc2)c1,CHEMBL4575939,7.92,active
COc1ccc2c(Cc3ccccc3)c(-c3ccc(Cl)cc3)c(=O)oc2c1,CHEMBL3818720,7.1,active
CC1(C)Oc2ccc(S(=O)(=O)NCCCn3ccnc3)cc2NC1=O,CHEMBL1784813,6.3,active
O=[N+]([O-])c1ccc(N(Cc2ccc(C(F)(F)F)cc2)n2cnnc2)cc1Br,CHEMBL4526798,7.36,active
N#Cc1ccc(-n2ccc3ccncc32)cc1Oc1ccccc1,CHEMBL1956188,6.94,active
CCC#CCOC1=C2CC(=O)C=C[C@]2(C)[C@H]2CC[C@]3(C)C(=O)CC[C@H]3[C@@H]2C1,CHEMBL2179110,7.93,active
N#Cc1ccc(C(c2cccc3[nH]ccc23)n2ccnc2)cc1,CHEMBL468410,7.73,active
CC(=C(c1ccc(N)cc1)c1ccc(N)cc1)c1ccc([N+](=O)[O-])cc1,CHEMBL3984531,6.66,active
Fc1ccc2nc(-c3cncc4ccccc34)c(C3CC3)n2c1,CHEMBL3948337,6.1,active
O=[N+]([O-])c1ccc(S(=O)(=O)NCc2cccc(CNS(=O)(=O)c3ccc([N+](=O)[O-])cc3)c2)cc1,CHEMBL4570681,6.43,active
CC#CCOC1=C2CC(=O)C=C[C@]2(C)[C@H]2CC[C@]3(C)C(=O)CC[C@H]3[C@@H]2C1,CHEMBL2179109,6.95,active
O=C(Cc1ccc(F)cc1)N1CCOC(Cn2ccnc2)C1,CHEMBL1784811,7.46,active
Fc1ccc(-c2[nH]c3cc4c(cc3c2Cn2cncn2)OCO4)cc1,CHEMBL4162931,7.23,active
CC(=C(c1ccc(O)cc1)c1ccc(OCCN)cc1)c1ccccc1,CHEMBL3422035,6.47,active
COc1ccc(-c2[nH]c3cc(Cl)ccc3c2Cn2ccnc2)cc1,CHEMBL4174373,6.56,active
COc1ccc(-c2cc(N(Cc3ccc(OS(N)(=O)=O)cc3)n3cnnc3)ccc2C#N)cc1,CHEMBL1672980,10.82,active
C[C@]12CCC3C(CC=C4C(SCF)C(=O)CC[C@@]43C)C1CCC2=O,CHEMBL41517,6.1,active
Brc1ccc(C2CCCc3cncn32)cc1,CHEMBL1203766,8.12,active
Cc1nc2c(cc1C#N)C(Nc1ccc(Cl)cc1)Oc1ccc([N+](=O)[O-])cc1-2,CHEMBL572637,6.17,active
CC=C(c1c[nH]cn1)C(c1ccc(O)cc1)c1ccc(O)cc1,CHEMBL5075144,6.02,active
Oc1ccc(C2CC(n3ccnc3)c3ccc4ccccc4c3O2)cc1,CHEMBL1783177,7.5,active
O=c1c2ccccc2oc2c(O)ccc(Cn3ccnc3)c12,CHEMBL2333336,6.77,active
CC1=C2CC(=O)CCC2(C)C2CCC3(C)C(=O)CCC3C12,CHEMBL583076,6.56,active
COc1ccc(S(=O)(=O)NCCCn2ccnc2)cc1F,CHEMBL1784809,7.0,active
COc1cc(CC(=O)N2CCOC(Cn3ccnc3)C2)cc(OC)c1OC,CHEMBL1784791,7.23,active
CCOc1ccc(S(=O)(=O)NCCCn2ccnc2)c2ccccc12,CHEMBL1784806,6.12,active
CCC1C[C@@]2(C)C(=CC1=O)CC[C@H]1[C@@H]3CCC(=O)[C@@]3(C)CC[C@@H]12,CHEMBL3623219,6.32,active
C[C@@H]1OC(=O)C[C@H]2[C@@H]3CC=C4CC(O)CC[C@]4(C)[C@H]3CC[C@]12C,CHEMBL3623209,6.6,active
N#Cc1cc(Cn2cncn2)ccc1-c1ccc(OS(N)(=O)=O)c(Cl)c1,CHEMBL598211,6.24,active
CCN1CCc2cccc(C(c3cccc(Cl)c3)n3ccnc3)c21,CHEMBL288695,6.96,active
N#Cc1ccc(Cn2cncn2)cc1-c1ccc(O)cc1,CHEMBL597606,9.7,active
N#Cc1ccc(-c2ccc(O)c(Cl)c2)cc1Cn1cncn1,CHEMBL609332,7.13,active
O=C(c1ccc(-c2ccccc2)cc1)c1cccc(Cn2ccnc2)c1,CHEMBL243961,8.28,active
CCN1CCc2cc(Cl)cc(C(c3ccc(F)cc3)n3ccnc3)c21,CHEMBL288804,7.2,active
C[C@]12CC[C@H]3[C@@H](CC=C4CC(=O)CC[C@@]43C)[C@@H]1CCC2=O,CHEMBL274826,6.52,active
C#CSCC[C@]12CCC(=O)C=C1CCC1C2=CC[C@]2(C)C(=O)CCC12,CHEMBL350713,6.48,active
CC(=O)N1CCN(c2ccc(CO[C@H]3CO[C@](Cn4ccnc4)(c4ccc(Cl)cc4Cl)OC3)cc2)CC1,CHEMBL4289930,6.46,active
CS(=O)(=O)N1CCN(c2ccc(OC[C@@H]3CO[C@@](Cn4ccnc4)(c4ccc(Cl)cc4Cl)O3)cc2)CC1,CHEMBL3983734,6.01,active
O=C1CCc2cc(-c3cccnc3)c(OCc3ccccc3)cc2N1,CHEMBL2165320,7.46,active
O=C(Nc1ccc(Cl)cc1)OC(COc1ccccc1)Cn1ccnc1,CHEMBL4874326,6.07,active
O=C(C(=Cc1ccccc1)n1cncn1)c1ccc(Cl)cc1Cl,CHEMBL1784788,6.36,active
COc1ccc(C(c2cc3c4c(c2)CCN4C(=O)CC3)n2ccnc2)cc1,CHEMBL2163646,7.37,active
Oc1ccc(C(=C(Cn2ccnc2)c2ccc(O)c(F)c2)c2ccc(O)cc2)cc1,CHEMBL4753594,7.03,active
Oc1ccc(C(=C(Cn2ccnc2)c2ccccc2)c2ccc(O)cc2)cc1,CHEMBL4777271,8.32,active
N#CC=C(c1ccc(N)cc1)C(c1ccc(O)cc1)c1ccc(O)cc1,CHEMBL4760286,7.44,active
O=[N+]([O-])c1ccc(N(Cc2ccc(Br)cc2)n2cnnc2)cc1,CHEMBL4520995,9.92,active
Cc1ccc(-n2c(Cn3ccnc3)cc3ccccc32)cc1,CHEMBL2336857,6.83,active
CC(CCc1c[nH]cn1)=C(c1ccc(O)cc1)c1ccc(O)cc1,CHEMBL5081446,7.2,active
C[C@@H]1CCC2C(C)(C)C3CC21CC[C@@]3(C)OC(=O)Cc1ccncc1,CHEMBL134442,6.36,active
COc1ccc(S(=O)(=O)N2CCCC(Cn3ccnc3)C2)c(OC)c1,CHEMBL3805678,6.88,active
N#Cc1ccc(C(F)(c2ccc(C#N)cc2)n2ccnc2)cc1,CHEMBL225378,6.06,active
CN1C(=O)CCc2cc(-c3cccnc3)c(OCc3ccccc3)cc21,CHEMBL2165321,7.96,active
CCCOc1ccc(COc2ccc3c(Cn4ccnc4)cc(=O)oc3c2)cc1,CHEMBL3359954,6.32,active
COc1cccc(COc2ccc3c(Cn4ccnc4)cc(=O)oc3c2)c1,CHEMBL3359952,6.26,active
N#Cc1ccc(N(Cc2cccc(OS(N)(=O)=O)c2)n2cnnc2)cc1,CHEMBL325346,7.41,active
C[C@]12CC=C3C(CC=C4CC(=O)CC[C@@]43CCSCF)C1CCC2=O,CHEMBL165106,7.3,active
CCC[C@@H]1CC2C3CCC(=O)C3(C)CCC2C2(C)CCCC=C12,CHEMBL70317,9.36,active
COc1ccc(-n2c(Cn3ccnc3)cc3ccc(C)cc32)cc1,CHEMBL2336863,6.86,active
CCC[C@@H]1CC2C(CCC3(C)C(O)CCC23)C2(C)CCCC=C12,CHEMBL73071,7.37,active
CCCCC[C@@H]1CC2C3CCC(=O)C3(C)CCC2C2(C)CCCC=C12,CHEMBL72415,7.92,active
COc1ccc2cc(C(c3ccc(F)cc3)n3cncn3)oc2c1,CHEMBL198291,7.31,active
N#Cc1ccc(C(F)(c2ccc(C#N)cc2)n2ccnn2)cc1,CHEMBL388515,7.02,active
Oc1cccc(-c2ccc(Cc3ccncc3)cc2)c1,CHEMBL1172882,6.18,active
Clc1ccc(C(C2Cc3ccccc3O2)n2cncn2)cc1,CHEMBL291646,6.7,active
COc1ccc(CN(c2ccc(C#N)cc2)n2cnnc2)cc1OS(N)(=O)=O,CHEMBL226945,7.92,active
N#Cc1ccc(N(Cc2ccc(Br)c(OS(N)(=O)=O)c2)n2cnnc2)cc1,CHEMBL226893,8.41,active
N#Cc1ccc(N(Cc2ccc(F)c(OS(N)(=O)=O)c2)n2cnnc2)cc1,CHEMBL226892,9.11,active
CCCCC#CCOC1=C2CC(=O)C=C[C@]2(C)[C@H]2CC[C@]3(C)C(=O)CC[C@H]3[C@@H]2C1,CHEMBL2179112,6.74,active
Oc1ccc(C(=C(Cn2ccnc2)c2cccc(O)c2)c2ccc(O)cc2)cc1,CHEMBL4778401,7.22,active
CCC(CCc1cccnc1)=C(c1ccc(O)cc1)c1ccc(O)cc1,CHEMBL5092560,6.05,active
O=C(OCc1ccncc1)C12CC3CC(CC(C3)C1)C2,CHEMBL113242,6.24,active
C[C@]12CCC3C(CC=C4C(SCCl)C(=O)CC[C@@]43C)C1CCC2=O,CHEMBL40432,6.03,active
Oc1ccc(C(=C(Cn2cncn2)c2ccccc2)c2ccc(O)cc2)cc1,CHEMBL4797578,6.86,active
C=C(c1cc2c3c(c1)CCN3C(=O)CC2)n1ccnc1,CHEMBL2163641,7.77,active
CCC(C)Oc1ccc(Cn2ccnc2)c2c(=O)c3ccccc3oc12,CHEMBL2333333,6.24,active
CC(C)(C)c1ccc(CN(Cc2cccs2)n2ccnc2)cc1,CHEMBL523973,6.24,active
O=C1CCc2cc(C(c3ccccc3)c3ccncc3)cc3c2N1CC3,CHEMBL2312954,6.06,active
C=CCC1CC2C(=O)C(=O)CC[C@]2(C)[C@H]2CC[C@]3(C)C(=O)CC[C@H]3[C@H]12,CHEMBL4454575,6.96,active
C[C@]12CC[C@H]3[C@@H](CC=C4[C@@H](O)CCC[C@@]43C)[C@@H]1CCC2=O,CHEMBL3349864,6.55,active
CCn1ccc2c3c(Cn4cncn4)cc(-c4ccccc4)nc3ccc21,CHEMBL2442762,7.88,active
N#Cc1ccc(-c2ccc(OS(N)(=O)=O)cc2)cc1Cn1cncn1,CHEMBL592376,6.75,active
Cc1ccc2cc(Cn3ccnc3)n(-c3ccccc3)c2c1,CHEMBL2336861,7.67,active
Cn1cc(CCN(c2ccc(C#N)cc2)n2cnnc2)c2cc(OS(N)(=O)=O)ccc21,CHEMBL3622066,8.64,active
O=[N+]([O-])c1ccc(N(Cc2cccc(C(F)(F)F)c2)n2cnnc2)cc1Br,CHEMBL4514474,7.76,active
C[C@]12CCC(=O)C(=O)C1CCC1C2=CC[C@]2(C)C(=O)CCC12,CHEMBL288190,6.46,active
O=S(=O)(Cc1ccccc1)NCCc1c[nH]c2ccccc12,CHEMBL4464506,6.12,active
Nc1ccc(C(=Cn2cnnc2)C(c2ccc(O)cc2)c2ccc(O)cc2)cc1,CHEMBL4745681,7.75,active
Clc1ccc(-n2c(Cn3ccnc3)cc3ccc(Cl)cc32)cc1,CHEMBL2336855,6.66,active
CC(C)(C#N)c1cc(Cn2cncn2)cc(Sc2ccc(OS(N)(=O)=O)c(Br)c2)c1,CHEMBL3622072,8.3,active
C=CC[C@@H]1C=C2CC(=O)C=C[C@]2(C)[C@H]2CC[C@]3(C)[C@@H](O)CC[C@H]3[C@H]12,CHEMBL3819549,6.35,active
O=[N+]([O-])c1ccc(-c2cccnc2)c(OCCCc2ccccc2)c1,CHEMBL3421767,6.86,active
C[C@]12CC[C@H]3[C@@H](CCC4C(=O)c5[nH]ccc5C[C@@]43C)[C@@H]1CC[C@@H]2O,CHEMBL3818442,6.29,active
CSCC[C@]12CCC(=O)C=C1CC[C@@H]1C2=CC[C@]2(C)C(=O)CC[C@@H]12,CHEMBL3752510,7.92,active
CC=C(c1ccc(O)cc1)C(c1ccc(N)cc1)c1ccc(OCCN)cc1,CHEMBL3422033,7.32,active
CC/C(=C(/c1ccccc1)c1ccc(OCCN)cc1)c1ccccc1,CHEMBL3422031,6.04,active
Clc1cc(-c2nc(-c3cccnc3)cs2)ccn1,CHEMBL1957216,6.79,active
Cc1ccc(Oc2ccc3c(Cn4ccnc4)cc(=O)oc3c2)cc1,CHEMBL1688905,6.16,active
COc1ccc(C(c2cc3ccc(OC)cc3o2)n2ccnc2)cc1,CHEMBL382500,6.89,active
C[C@]12CC[C@H]3[C@@H](CC[C@@]45O[C@@H]4CCC[C@]35C)[C@@H]1CCC2=O,CHEMBL2058266,6.01,active
C[C@]12CC[C@H]3[C@@H](C[C@@H](O)C4=CCCC[C@@]43CO)[C@@H]1CCC2=O,CHEMBL1630267,6.03,active
N#Cc1ccc(Oc2ccc3c(Cn4ccnc4)cc(=O)oc3c2)cc1,CHEMBL1688907,6.79,active
COC(=O)c1ccccc1S(=O)(=O)N1CCCC(Cn2ccnc2)C1,CHEMBL3805021,7.28,active
C[C@@H]1CC2=CCCC[C@]2(C)[C@H]2CC[C@]3(C)C(=O)CC[C@H]3[C@@H]21,CHEMBL4451962,6.39,active
CC12CCC3C(CC=C4C(Sc5ccccc5)C(=O)CCC43C)C1CCC2=O,CHEMBL336387,6.72,active
O=c1c2ccccc2sc2c(Cn3ccnc3)cccc12,CHEMBL1083353,8.4,active
O=c1c2ccccc2oc2c(Cn3ccnc3)cccc12,CHEMBL1083971,7.77,active
C[C@@H]1CC2C3CCC(=O)C3(C)CCC2C2(C)CCCC=C12,CHEMBL305205,10.31,active
N#Cc1ccc(C(Cc2ccc(OS(N)(=O)=O)c(Br)c2)n2cncn2)cc1,CHEMBL3818343,9.05,active
COc1ccc2cc(C(O)(c3ccc(F)cc3)c3cccnc3)oc2c1,CHEMBL372999,7.36,active
O=S(=O)(c1ccc(F)c(F)c1)N1CCCC(Cn2ccnc2)C1,CHEMBL3806159,7.37,active
Clc1ccc(-c2[nH]c3cc(Cl)ccc3c2Cn2cncn2)cc1,CHEMBL4169419,6.68,active
O=C1/C(=C/c2ccncc2)CCc2c(O)cccc21,CHEMBL92488,6.16,active
COc1cc2c(cc1-c1cccnc1)CCC(=O)N2C,CHEMBL2165315,7.31,active
COc1c(C)cc(S(=O)(=O)N2CCCC(Cn3ccnc3)C2)c(C)c1C,CHEMBL3805388,7.35,active
CC=CC1CC2C3CCC(=O)[C@@]3(C)CCC2[C@@]2(C)CCC(=O)C(=O)C12,CHEMBL4468497,6.28,active
O=S(=O)(NCCc1c[nH]c2ccccc12)c1ccccc1,CHEMBL1371590,6.7,active
CC(Cc1cccnc1)=C(c1ccc(O)cc1)c1ccc(O)cc1,CHEMBL5069811,6.07,active
CCC(Cn1ccnc1)=C(c1ccc(O)cc1)c1ccc(O)cc1,CHEMBL5072101,7.46,active
N#Cc1ccc(C(F)(c2ccc(C#N)cc2)n2ncnn2)cc1,CHEMBL225360,6.83,active
CCOc1cc2c(cc1-c1cccnc1)CCC(=O)N2C,CHEMBL2165317,7.32,active
CCn1ccc2cc(Br)cc(C(c3ccc(F)cc3)n3ccnc3)c21,CHEMBL39423,6.7,active
C[C@@H]1C(OC(=O)Cc2ccncc2)CC2CC1C2(C)C,CHEMBL132072,6.92,active
CC12CCC3C(CC=C4C(Oc5ccccc5)C(=O)CCC43C)C1CCC2=O,CHEMBL334391,6.28,active
CC(Cn1ccnc1)=C(c1ccc(O)cc1)c1ccc(O)cc1,CHEMBL5087363,6.0,active
COc1ccc(C(=O)OC(COc2ccccc2)Cn2ccnc2)cc1,CHEMBL1485809,7.78,active
CC(=O)c1ccc(S(=O)(=O)N2CCOC(Cn3ccnc3)C2)cc1,CHEMBL1784805,7.18,active
Clc1cccc(C(c2ccc3[nH]ccc3c2)n2ccnc2)c1,CHEMBL204483,7.53,active
CCC(Cc1cccnc1)=C(c1ccc(O)cc1)c1ccc(O)cc1,CHEMBL5080066,7.64,active
CC(=C(c1ccc(O)cc1)c1ccc(O)cc1)c1c[nH]cn1,CHEMBL5082681,6.22,active
CCC(c1ccc(C#N)cc1)(c1ccc(C#N)cc1)n1cncn1,CHEMBL224462,7.03,active
CCC#CCOc1ccc2c(=O)c3ccc(Cn4ccnc4)cc3oc2c1,CHEMBL4632445,6.11,active
Nc1ccc(C(=Cn2ccnc2)C(c2ccc(O)cc2)c2ccc(O)cc2)cc1,CHEMBL4755831,8.28,active
Oc1ccc(C(=Cn2ccnc2)C(c2ccc(O)cc2)c2ccc(O)cc2)cc1,CHEMBL4780337,7.22,active
